date,open,high,low,close,volume,adjusted_close
2024-01-02,405.8399963378906,406.0899963378906,400.239990234375,402.5899963378906,58026900,397.6907653808594
2024-01-03,399.92999267578125,401.0,397.8900146484375,398.3299865722656,47002800,393.4825744628906
2024-01-04,396.44000244140625,399.5899963378906,396.05999755859375,396.2799987792969,39432800,391.4575500488281
2024-01-05,396.45001220703125,399.55999755859375,395.3399963378906,396.75,44922800,391.9217529296875
2024-01-08,397.989990234375,405.239990234375,397.8399963378906,404.95001220703125,42473800,400.0220642089844
2024-01-09,401.9100036621094,406.69000244140625,401.7099914550781,405.75,39132900,400.81231689453125
2024-01-10,406.07000732421875,409.5199890136719,405.1700134277344,408.5,33962800,403.52886962890625
2024-01-11,409.7900085449219,411.20001220703125,404.239990234375,409.3500061035156,54536200,404.3685302734375
2024-01-12,410.3999938964844,411.25,408.1499938964844,409.55999755859375,39595000,404.575927734375
2024-01-16,408.30999755859375,411.1199951171875,406.8299865722656,409.5199890136719,43903000,404.536376953125
2024-01-17,406.1700134277344,407.5899963378906,402.9200134277344,407.2099914550781,54386000,402.2545471191406
2024-01-18,410.5199890136719,413.5799865722656,409.1600036621094,412.989990234375,59562500,407.9642028808594
2024-01-19,415.2200012207031,421.3399963378906,414.6300048828125,421.17999267578125,70325100,416.05450439453125
2024-01-22,423.4100036621094,424.7300109863281,421.1199951171875,421.7300109863281,44880600,416.597900390625
2024-01-23,422.42999267578125,423.70001220703125,420.57000732421875,423.4800109863281,33003800,418.3265380859375
2024-01-24,427.44000244140625,429.8500061035156,425.3299865722656,425.8299865722656,46948000,420.6479187011719
2024-01-25,428.3599853515625,429.0400085449219,423.9800109863281,426.3500061035156,44367200,421.1615905761719
2024-01-26,424.44000244140625,426.2099914550781,423.1499938964844,423.80999755859375,37137000,418.6524963378906
2024-01-29,424.2699890136719,428.3500061035156,423.6099853515625,428.1499938964844,38694700,422.939697265625
2024-01-30,427.1000061035156,427.67999267578125,424.3800048828125,425.29998779296875,36739000,420.1243591308594
2024-01-31,420.8500061035156,422.8699951171875,416.7900085449219,416.9700012207031,64010600,411.895751953125
2024-02-01,418.7900085449219,422.3800048828125,417.80999755859375,421.8800048828125,51008600,416.7459716796875
2024-02-02,423.79998779296875,430.239990234375,422.7900085449219,429.010009765625,59602400,423.78924560546875
2024-02-05,429.07000732421875,429.6099853515625,425.0,428.45001220703125,39889200,423.23602294921875
2024-02-06,429.6099853515625,430.2200012207031,425.2200012207031,427.5899963378906,35846100,422.38653564453125
2024-02-07,430.4100036621094,432.8299865722656,429.0899963378906,431.989990234375,37712700,426.73291015625
2024-02-08,432.1099853515625,433.55999755859375,431.4200134277344,432.7900085449219,29889900,427.52325439453125
2024-02-09,433.94000244140625,437.8500061035156,433.1400146484375,437.04998779296875,36943900,431.7313537597656
2024-02-12,436.94000244140625,439.1400146484375,434.6499938964844,435.3399963378906,33203300,430.0422058105469
2024-02-13,427.2799987792969,431.2699890136719,425.3299865722656,428.54998779296875,64491700,423.3348083496094
2024-02-14,431.260009765625,433.6499938964844,428.8800048828125,433.2200012207031,45092700,427.9480285644531
2024-02-15,433.9200134277344,434.9800109863281,431.3299865722656,434.510009765625,38796100,429.2223205566406
2024-02-16,434.8900146484375,434.989990234375,429.8500061035156,430.57000732421875,53716500,425.33026123046875
2024-02-20,428.54998779296875,430.0799865722656,423.5,427.32000732421875,53999500,422.11981201171875
2024-02-21,424.54998779296875,425.70001220703125,421.6300048828125,425.6099853515625,49779000,420.4305725097656
2024-02-22,434.489990234375,439.1199951171875,433.7099914550781,438.07000732421875,53887800,432.7389831542969
2024-02-23,439.6499938964844,440.5899963378906,435.7900085449219,436.7799987792969,39853900,431.46466064453125
2024-02-26,437.6000061035156,438.6000061035156,436.3599853515625,436.54998779296875,33043200,431.2374267578125
2024-02-27,437.6700134277344,437.989990234375,435.0299987792969,437.6000061035156,33713200,432.27471923828125
2024-02-28,435.42999267578125,436.6700134277344,434.29998779296875,435.2699890136719,32938800,429.9730529785156
2024-02-29,438.2300109863281,440.0899963378906,435.0199890136719,439.0,42495200,433.65765380859375
2024-03-01,439.8999938964844,446.5799865722656,439.8399963378906,445.6099853515625,43853000,440.1872253417969
2024-03-04,445.6099853515625,446.0400085449219,443.7699890136719,444.0199890136719,34325700,438.6165771484375
2024-03-05,440.94000244140625,440.95001220703125,433.6499938964844,436.04998779296875,57917100,430.7435302734375
2024-03-06,440.32000732421875,441.989990234375,436.8900146484375,438.7900085449219,46234500,433.4502258300781
2024-03-07,442.4200134277344,446.7200012207031,440.8599853515625,445.45001220703125,44526700,440.0292053222656
2024-03-08,445.80999755859375,448.6400146484375,438.3399963378906,439.0199890136719,72096000,433.67742919921875
2024-03-11,437.510009765625,438.6600036621094,435.44000244140625,437.3900146484375,45860000,432.0672912597656
2024-03-12,439.7300109863281,444.0199890136719,436.4599914550781,443.6600036621094,55300900,438.2609558105469
2024-03-13,442.6499938964844,442.6700134277344,439.1199951171875,440.25,37928700,434.8924255371094
2024-03-14,441.5,442.0299987792969,436.3900146484375,439.1400146484375,52195200,433.79595947265625
2024-03-15,436.07000732421875,438.8699951171875,432.739990234375,433.9200134277344,73069800,428.63946533203125
2024-03-18,438.7300109863281,441.0400085449219,437.239990234375,437.4800109863281,47323800,432.72760009765625
2024-03-19,435.45001220703125,438.9800109863281,433.3299865722656,438.57000732421875,43004100,433.8057556152344
2024-03-20,439.7799987792969,444.1099853515625,438.05999755859375,443.7699890136719,43653500,438.9491882324219
2024-03-21,448.8800048828125,449.3399963378906,445.6700134277344,445.8699951171875,39345700,441.0264587402344
2024-03-22,445.3500061035156,447.489990234375,444.489990234375,446.3800048828125,28253900,441.5308837890625
2024-03-25,443.54998779296875,446.260009765625,442.5400085449219,444.760009765625,27789200,439.9285583496094
2024-03-26,446.29998779296875,447.2300109863281,443.0899963378906,443.32000732421875,34142000,438.5041809082031
2024-03-27,446.44000244140625,446.5400085449219,441.92999267578125,444.8299865722656,41359200,439.99774169921875
2024-03-28,444.7799987792969,445.6400146484375,443.6499938964844,444.010009765625,36839600,439.1866455078125
2024-04-01,444.9700012207031,447.5299987792969,443.0199890136719,444.95001220703125,38729000,440.116455078125
2024-04-02,440.0799865722656,441.42999267578125,438.0299987792969,441.1099853515625,44259700,436.3181457519531
2024-04-03,438.9599914550781,444.0,438.95001220703125,442.1000061035156,39949800,437.2973937988281
2024-04-04,446.3299865722656,446.95001220703125,435.1099853515625,435.3399963378906,57267700,430.61083984375
2024-04-05,436.7799987792969,443.1700134277344,435.9599914550781,440.4700012207031,54744600,435.68511962890625
2024-04-08,441.4100036621094,442.5,439.20001220703125,440.6000061035156,28144900,435.813720703125
2024-04-09,442.9599914550781,443.239990234375,437.44000244140625,442.2300109863281,39443600,437.42596435546875
2024-04-10,437.0,439.239990234375,436.2799987792969,438.3699951171875,61502200,433.60791015625
2024-04-11,440.260009765625,446.3299865722656,437.9599914550781,445.3699951171875,45474600,440.5318908691406
2024-04-12,441.1000061035156,442.239990234375,436.8800048828125,438.2699890136719,53665000,433.5090026855469
2024-04-15,442.05999755859375,442.1499938964844,430.2099914550781,431.05999755859375,63453600,426.3773193359375
2024-04-16,430.8999938964844,433.760009765625,429.70001220703125,431.1000061035156,47619000,426.4169006347656
2024-04-17,433.1000061035156,433.1199951171875,424.8999938964844,425.8399963378906,56880500,421.2140197753906
2024-04-18,426.489990234375,428.239990234375,422.8299865722656,423.4100036621094,46549400,418.8104553222656
2024-04-19,422.2200012207031,422.75,413.07000732421875,414.6499938964844,75231000,410.14556884765625
2024-04-22,417.30999755859375,421.17999267578125,413.94000244140625,418.82000732421875,47807700,414.27032470703125
2024-04-23,420.7699890136719,426.2799987792969,418.8699951171875,425.07000732421875,44384700,420.452392578125
2024-04-24,428.20001220703125,429.7300109863281,424.20001220703125,426.510009765625,48440300,421.87677001953125
2024-04-25,419.239990234375,425.32000732421875,418.1400146484375,424.45001220703125,57392200,419.8391418457031
2024-04-26,427.6199951171875,432.54998779296875,426.9200134277344,431.0,41874900,426.3179931640625
2024-04-29,433.1300048828125,433.760009765625,429.9800109863281,432.75,30022200,428.0489807128906
2024-04-30,431.1499938964844,432.55999755859375,424.510009765625,424.5899963378906,43665900,419.9775695800781
2024-05-01,423.1499938964844,430.1400146484375,420.6600036621094,421.5199890136719,52251700,416.9409484863281
2024-05-02,425.29998779296875,427.80999755859375,420.6300048828125,426.8999938964844,36559000,422.26251220703125
2024-05-03,434.44000244140625,436.4800109863281,432.6199951171875,435.4800109863281,48515300,430.7493591308594
2024-05-06,437.29998779296875,440.3399963378906,436.5199890136719,440.25,30227200,435.46746826171875
2024-05-07,440.70001220703125,441.9700012207031,439.5799865722656,440.32000732421875,30996100,435.5367736816406
2024-05-08,437.6700134277344,441.4800109863281,437.54998779296875,440.05999755859375,24896700,435.2795715332031
2024-05-09,440.3299865722656,441.6000061035156,438.4599914550781,441.0199890136719,24580100,436.2291259765625
2024-05-10,442.5400085449219,444.30999755859375,440.5,442.05999755859375,27116600,437.2578125
2024-05-13,443.989990234375,444.0899963378906,441.6499938964844,443.0799865722656,22994200,438.2667236328125
2024-05-14,442.6499938964844,446.4700012207031,442.4599914550781,445.92999267578125,34478300,441.0857849121094
2024-05-15,448.42999267578125,453.1499938964844,446.8999938964844,452.8999938964844,41464700,447.9801025390625
2024-05-16,452.7099914550781,454.69000244140625,451.80999755859375,451.9800109863281,34780400,447.07012939453125
2024-05-17,452.1099853515625,452.7200012207031,449.5400085449219,451.760009765625,35803700,446.85247802734375
2024-05-20,451.9800109863281,455.5799865722656,451.7900085449219,454.9100036621094,24474200,449.96826171875
2024-05-21,453.0400085449219,455.989990234375,452.8399963378906,455.79998779296875,23167700,450.84857177734375
2024-05-22,456.05999755859375,456.82000732421875,453.0799865722656,455.7099914550781,25120000,450.759521484375
2024-05-23,460.54998779296875,460.5799865722656,451.8500061035156,453.6600036621094,40899200,448.73187255859375
2024-05-24,455.2900085449219,459.2300109863281,453.57000732421875,457.95001220703125,29669500,452.9752197265625
2024-05-28,459.17999267578125,459.739990234375,456.69000244140625,459.67999267578125,26216800,454.6864013671875
2024-05-29,455.4800109863281,458.239990234375,455.3399963378906,456.44000244140625,29739200,451.48162841796875
2024-05-30,455.5,455.6400146484375,450.2099914550781,451.54998779296875,30536800,446.64471435546875
2024-05-31,451.7799987792969,452.4800109863281,443.05999755859375,450.7099914550781,55941300,445.8138732910156
2024-06-03,454.57000732421875,455.5799865722656,447.8999938964844,453.1300048828125,32997500,448.2076110839844
2024-06-04,452.8699951171875,455.5799865722656,451.1300048828125,454.3699951171875,23767400,449.43414306640625
2024-06-05,457.9800109863281,463.6099853515625,454.4100036621094,463.5299987792969,33817400,458.49462890625
2024-06-06,464.2200012207031,464.5400085449219,462.19000244140625,463.3699951171875,21966800,458.3363952636719
2024-06-07,463.0,465.739990234375,461.8399963378906,462.9599914550781,25829700,457.9308166503906
2024-06-10,461.82000732421875,465.19000244140625,461.5299987792969,464.8299865722656,20660800,459.7804260253906
2024-06-11,463.5400085449219,468.1400146484375,462.0299987792969,468.0199890136719,22053300,462.9358215332031
2024-06-12,471.989990234375,476.5,471.2900085449219,474.1499938964844,34532600,468.9992370605469
2024-06-13,477.7200012207031,478.3900146484375,474.4200134277344,476.7200012207031,25859000,471.54132080078125
2024-06-14,476.5199890136719,479.260009765625,476.04998779296875,479.19000244140625,23372600,473.9844970703125
2024-06-17,479.4599914550781,486.8599853515625,478.1400146484375,485.05999755859375,37054500,479.79071044921875
2024-06-18,485.010009765625,485.8999938964844,483.42999267578125,485.2099914550781,24438600,479.9390563964844
2024-06-20,486.4200134277344,486.8399963378906,479.6199951171875,481.4700012207031,33918700,476.23974609375
2024-06-21,481.19000244140625,482.5400085449219,478.6700134277344,480.17999267578125,37456800,474.9637756347656
2024-06-24,478.17999267578125,479.92999267578125,473.82000732421875,473.9599914550781,37751000,469.55645751953125
2024-06-25,476.07000732421875,479.67999267578125,475.1199951171875,479.3800048828125,29014700,474.9261169433594
2024-06-26,478.54998779296875,480.9200134277344,478.1300048828125,480.3699951171875,22737100,475.9068603515625
2024-06-27,480.1199951171875,483.1000061035156,479.29998779296875,481.6099853515625,26222100,477.1353454589844
2024-06-28,482.4100036621094,487.20001220703125,478.4599914550781,479.1099853515625,34881600,474.6585693359375
2024-07-01,480.0400085449219,482.489990234375,476.260009765625,481.9200134277344,24898300,477.4425048828125
2024-07-02,480.4100036621094,487.0400085449219,480.2799987792969,486.9800109863281,26723600,482.4554748535156
2024-07-03,486.2200012207031,491.1700134277344,486.2200012207031,491.0400085449219,18064900,486.4777526855469
2024-07-05,491.8900146484375,496.6000061035156,491.5899963378906,496.1600036621094,28495900,491.5501708984375
2024-07-08,496.5299987792969,497.8999938964844,495.5,497.3399963378906,22109400,492.71923828125
2024-07-09,498.8699951171875,500.0,496.239990234375,497.7699890136719,25614500,493.14520263671875
2024-07-10,499.7099914550781,503.5199890136719,498.3900146484375,502.9599914550781,28046900,498.2870178222656
2024-07-11,503.07000732421875,503.2799987792969,490.7300109863281,491.92999267578125,49966600,487.3595275878906
2024-07-12,492.510009765625,499.6199951171875,492.0400085449219,494.82000732421875,37109400,490.2226257324219
2024-07-15,496.6099853515625,501.010009765625,494.0899963378906,496.1499938964844,31151400,491.5403137207031
2024-07-16,497.6199951171875,498.44000244140625,493.1499938964844,496.3399963378906,25950600,491.728515625
2024-07-17,488.2799987792969,488.79998779296875,481.70001220703125,481.7699890136719,56268800,477.2939147949219
2024-07-18,485.5299987792969,485.7099914550781,476.2699890136719,479.489990234375,49347400,475.0350646972656
2024-07-19,479.1499938964844,481.69000244140625,473.94000244140625,475.239990234375,42042900,470.82452392578125
2024-07-22,481.1600036621094,483.3500061035156,477.7099914550781,482.32000732421875,40300000,477.83880615234375
2024-07-23,481.4100036621094,484.42999267578125,480.1400146484375,480.6199951171875,23282500,476.1545715332031
2024-07-24,473.82000732421875,474.19000244140625,462.510009765625,463.3800048828125,58818600,459.07470703125
2024-07-25,463.7200012207031,467.94000244140625,455.6300048828125,458.2699890136719,59256800,454.01220703125
2024-07-26,462.6499938964844,465.92999267578125,459.7699890136719,462.9700012207031,39992100,458.6685791015625
2024-07-29,465.7099914550781,467.9100036621094,461.6199951171875,463.8999938964844,28218500,459.5899353027344
2024-07-30,465.8500061035156,466.55999755859375,454.1499938964844,457.5299987792969,41317200,453.27911376953125
2024-07-31,467.8699951171875,472.7900085449219,466.4100036621094,471.07000732421875,44552100,466.693359375
2024-08-01,471.760009765625,475.54998779296875,455.9800109863281,459.6600036621094,56653900,455.3893127441406
2024-08-02,450.8900146484375,453.57000732421875,444.4700012207031,448.75,66323200,444.5806884765625
2024-08-05,424.7099914550781,442.2900085449219,423.45001220703125,435.3699951171875,87483500,431.3249816894531
2024-08-06,437.2300109863281,447.07000732421875,434.55999755859375,439.5299987792969,63164400,435.4463195800781
2024-08-07,446.489990234375,449.0,434.3699951171875,434.7699890136719,54929200,430.7305908203125
2024-08-08,441.05999755859375,448.989990234375,437.1499938964844,448.07000732421875,47890100,443.9070129394531
2024-08-09,446.739990234375,452.05999755859375,445.6099853515625,450.4100036621094,33574000,446.22528076171875
2024-08-12,451.3900146484375,454.3699951171875,448.54998779296875,451.3800048828125,27795000,447.1862487792969
2024-08-13,455.82000732421875,462.8500061035156,455.67999267578125,462.5799865722656,40084500,458.2821960449219
2024-08-14,463.510009765625,465.1099853515625,458.3999938964844,462.7300109863281,34733700,458.4308166503906
2024-08-15,468.760009765625,474.82000732421875,468.3800048828125,474.4200134277344,38280600,470.01220703125
2024-08-16,472.6199951171875,476.4100036621094,471.6499938964844,475.0299987792969,38383600,470.6164855957031
2024-08-19,475.1700134277344,481.30999755859375,473.3699951171875,481.2699890136719,23737700,476.79852294921875
2024-08-20,480.3500061035156,482.94000244140625,478.54998779296875,480.260009765625,29209300,475.7979431152344
2024-08-21,481.04998779296875,484.3699951171875,479.32000732421875,482.5,25658800,478.01708984375
2024-08-22,484.8399963378906,485.5400085449219,473.80999755859375,474.8500061035156,37739600,470.438232421875
2024-08-23,479.239990234375,482.739990234375,475.2799987792969,480.0,36061500,475.54034423828125
2024-08-26,479.45001220703125,480.3800048828125,473.239990234375,475.3399963378906,27452600,470.92364501953125
2024-08-27,473.69000244140625,477.8399963378906,471.7099914550781,476.760009765625,27510000,472.3304443359375
2024-08-28,476.2900085449219,477.0199890136719,467.8900146484375,471.3500061035156,37372400,466.9706726074219
2024-08-29,473.2799987792969,477.92999267578125,469.3699951171875,470.6600036621094,41081500,466.28717041015625
2024-08-30,475.0400085449219,476.8999938964844,470.510009765625,476.2699890136719,33466500,471.844970703125
2024-09-03,473.20001220703125,473.3299865722656,459.4100036621094,461.80999755859375,44985200,457.51934814453125
2024-09-04,458.6700134277344,464.45001220703125,457.7300109863281,460.6099853515625,32505100,456.3304748535156
2024-09-05,458.9700012207031,465.3599853515625,457.94000244140625,461.0400085449219,34452400,456.75653076171875
2024-09-06,460.3299865722656,461.2200012207031,448.19000244140625,448.69000244140625,50624400,444.5212097167969
2024-09-09,453.05999755859375,455.4599914550781,449.82000732421875,454.4599914550781,32981200,450.2376403808594
2024-09-10,456.239990234375,459.1700134277344,452.2300109863281,458.6600036621094,29680300,454.39862060546875
2024-09-11,459.9100036621094,469.3699951171875,451.2799987792969,468.6199951171875,57843000,464.26605224609375
2024-09-12,468.6499938964844,474.0400085449219,466.8500061035156,473.2200012207031,40067800,468.8233642578125
2024-09-13,472.4800109863281,476.5299987792969,472.25,475.3399963378906,29111800,470.92364501953125
2024-09-16,473.19000244140625,473.8599853515625,469.8900146484375,473.239990234375,22585600,468.8431396484375
2024-09-17,476.2900085449219,477.6000061035156,470.9700012207031,473.489990234375,30084400,469.0908203125
2024-09-18,474.70001220703125,478.8299865722656,470.8299865722656,471.44000244140625,39909200,467.05987548828125
2024-09-19,482.6099853515625,486.2300109863281,480.489990234375,483.3599853515625,52782500,478.86907958984375
2024-09-20,482.489990234375,483.69000244140625,478.29998779296875,482.44000244140625,34577700,477.9576416015625
2024-09-23,482.95001220703125,484.1400146484375,481.6000061035156,483.0400085449219,24843000,479.2245788574219
2024-09-24,484.4599914550781,486.3299865722656,480.1700134277344,485.3699951171875,25952600,481.5361328125
2024-09-25,484.739990234375,487.7900085449219,484.55999755859375,485.82000732421875,26549900,481.982666015625
2024-09-26,493.3699951171875,493.70001220703125,485.79998779296875,489.4700012207031,32020200,485.60382080078125
2024-09-27,490.5,490.6400146484375,485.55999755859375,486.75,22851100,482.9052429199219
2024-09-30,485.7799987792969,488.4100036621094,482.9200134277344,488.07000732421875,30281100,484.21484375
2024-10-01,487.70001220703125,488.0,477.3999938964844,481.2699890136719,42735400,477.46856689453125
2024-10-02,480.3599853515625,483.8800048828125,477.7200012207031,481.95001220703125,23744000,478.1432189941406
2024-10-03,479.739990234375,484.54998779296875,478.989990234375,481.5899963378906,25337200,477.7860412597656
2024-10-04,487.45001220703125,487.8800048828125,482.3900146484375,487.32000732421875,30686600,483.47076416015625
2024-10-07,485.3900146484375,486.57000732421875,480.8699951171875,482.1000061035156,24975100,478.2920227050781
2024-10-08,484.6600036621094,489.989990234375,483.8500061035156,489.29998779296875,28272000,485.4350891113281
2024-10-09,489.0,493.7300109863281,487.95001220703125,493.1499938964844,24995000,489.25469970703125
2024-10-10,490.8500061035156,494.4700012207031,489.5299987792969,492.5899963378906,25750400,488.6991271972656
2024-10-11,490.739990234375,494.3900146484375,490.1700134277344,493.3599853515625,20644500,489.4630126953125
2024-10-14,495.7699890136719,498.8299865722656,495.260009765625,497.5,26060100,493.5703125
2024-10-15,497.8299865722656,498.5,488.67999267578125,490.8500061035156,34784500,486.9729309082031
2024-10-16,491.17999267578125,491.69000244140625,487.57000732421875,490.9100036621094,22996800,487.03240966796875
2024-10-17,496.44000244140625,496.489990234375,491.19000244140625,491.25,27210700,487.3697204589844
2024-10-18,494.05999755859375,495.57000732421875,493.29998779296875,494.4700012207031,25335000,490.5643005371094
2024-10-21,493.25,496.2300109863281,491.30999755859375,495.4200134277344,30336500,491.5068054199219
2024-10-22,492.7300109863281,497.45001220703125,491.9700012207031,495.9599914550781,26685800,492.0425109863281
2024-10-23,493.5899963378906,494.25,485.04998779296875,488.3599853515625,39346600,484.5025329589844
2024-10-24,492.1099853515625,493.0,489.44000244140625,492.32000732421875,22024900,488.4312438964844
2024-10-25,495.1400146484375,500.2799987792969,494.42999267578125,495.32000732421875,38762100,491.4075927734375
2024-10-28,498.4599914550781,498.5199890136719,495.1000061035156,495.3999938964844,20477800,491.4869689941406
2024-10-29,495.7200012207031,501.3500061035156,493.8500061035156,500.1600036621094,28014100,496.2093505859375
2024-10-30,499.3900146484375,500.3500061035156,495.8900146484375,496.3800048828125,29756000,492.459228515625
2024-10-31,492.3800048828125,492.42999267578125,483.75,483.8500061035156,41245200,480.0281677246094
2024-11-01,485.5,490.75,485.20001220703125,487.42999267578125,33655800,483.57989501953125
2024-11-04,486.82000732421875,489.3800048828125,484.25,486.010009765625,23291600,482.171142578125
2024-11-05,487.6099853515625,492.8800048828125,487.5199890136719,492.2099914550781,24353600,488.3221435546875
2024-11-06,500.55999755859375,506.4100036621094,499.6000061035156,505.5799865722656,43082200,501.5865783691406
2024-11-07,508.3999938964844,514.3300170898438,508.3399963378906,513.5399780273438,32853100,509.483642578125
2024-11-08,513.0399780273438,514.9199829101562,512.4099731445312,514.1400146484375,22924500,510.0789794921875
2024-11-11,515.3699951171875,515.5800170898438,510.9200134277344,513.8400268554688,24167500,509.7813415527344
2024-11-12,513.77001953125,514.6599731445312,509.8299865722656,512.9099731445312,25835300,508.85858154296875
2024-11-13,512.4000244140625,514.97998046875,509.95001220703125,512.25,24567400,508.203857421875
2024-11-14,511.9100036621094,512.7899780273438,507.7699890136719,508.69000244140625,28679500,504.6720275878906
2024-11-15,502.94000244140625,503.3299865722656,494.489990234375,496.57000732421875,51461100,492.647705078125
2024-11-18,498.1300048828125,502.1400146484375,496.7300109863281,500.0199890136719,27080800,496.0704650878906
2024-11-19,497.4200134277344,503.95001220703125,497.0799865722656,503.4599914550781,24523000,499.4832763671875
2024-11-20,503.1600036621094,503.4800109863281,496.55999755859375,503.1700134277344,29565500,499.1955871582031
2024-11-21,506.239990234375,506.9599914550781,497.55999755859375,504.9800109863281,34526700,500.9913024902344
2024-11-22,504.4200134277344,506.5299987792969,502.7799987792969,505.7900085449219,23826600,501.7948913574219
2024-11-25,509.8999938964844,511.45001220703125,504.260009765625,506.5899963378906,26375200,502.58856201171875
2024-11-26,508.0799865722656,510.1400146484375,507.2300109863281,509.30999755859375,26557100,505.2870788574219
2024-11-27,508.1700134277344,508.239990234375,501.92999267578125,505.29998779296875,24957400,501.3087158203125
2024-11-29,505.92999267578125,510.3399963378906,505.30999755859375,509.739990234375,15334000,505.7136535644531
2024-12-02,511.010009765625,516.260009765625,510.6199951171875,515.2899780273438,25147200,511.2198486328125
2024-12-03,513.9500122070312,517.1500244140625,513.3699951171875,516.8699951171875,18597900,512.7872924804688
2024-12-04,520.3200073242188,523.52001953125,519.5999755859375,523.260009765625,26086200,519.1268920898438
2024-12-05,523.3099975585938,524.0399780273438,521.4199829101562,521.8099975585938,18169600,517.6882934570312
2024-12-06,522.47998046875,526.719970703125,522.3499755859375,526.47998046875,23762600,522.3214111328125
2024-12-09,525.5499877929688,526.3499755859375,521.219970703125,522.3800048828125,20674400,518.25390625
2024-12-10,523.6199951171875,525.3800048828125,519.1599731445312,520.5999755859375,24350000,516.4878540039062
2024-12-11,525.0,530.6099853515625,524.5900268554688,529.9199829101562,32168600,525.734375
2024-12-12,527.6799926757812,528.9600219726562,526.02001953125,526.5,23577500,522.34130859375
2024-12-13,530.4600219726562,533.1699829101562,527.2999877929688,530.530029296875,28780400,526.3394775390625
2024-12-16,533.0800170898438,539.1500244140625,533.0,538.1699829101562,31979900,533.9191284179688
2024-12-17,536.3599853515625,537.47998046875,534.1300048828125,535.7999877929688,28579100,531.5678100585938
2024-12-18,535.1500244140625,536.8800048828125,515.010009765625,516.469970703125,54703200,512.3905639648438
2024-12-19,521.1900024414062,521.760009765625,513.8300170898438,514.1699829101562,46441800,510.10858154296875
2024-12-20,510.44000244140625,524.8200073242188,509.2900085449219,518.6599731445312,60530000,514.563232421875
2024-12-23,519.5499877929688,523.25,516.1300048828125,522.8699951171875,29672800,519.576416015625
2024-12-24,524.8300170898438,530.0499877929688,524.1900024414062,529.9600219726562,17558200,526.6217651367188
2024-12-26,528.3200073242188,531.239990234375,526.3099975585938,529.5999755859375,19090500,526.2640991210938
2024-12-27,526.010009765625,526.4500122070312,517.8599853515625,522.5599975585938,33839600,519.2683715820312
2024-12-30,515.510009765625,519.3599853515625,511.8299865722656,515.6099853515625,34584000,512.3621826171875
2024-12-31,516.9000244140625,517.6599731445312,510.260009765625,511.2300109863281,29117000,508.009765625
2025-01-02,514.2999877929688,516.6400146484375,505.7099914550781,510.2300109863281,36389800,507.01605224609375
2025-01-03,513.3499755859375,519.6500244140625,512.530029296875,518.5800170898438,29059500,515.3134765625
2025-01-06,524.02001953125,527.9199829101562,522.030029296875,524.5399780273438,36109700,521.2359619140625
2025-01-07,525.5900268554688,525.989990234375,513.280029296875,515.1799926757812,36690300,511.93487548828125
2025-01-08,515.0800170898438,516.9199829101562,510.57000732421875,515.27001953125,30777800,512.0243530273438
2025-01-10,511.4800109863281,511.5799865722656,503.9200134277344,507.19000244140625,40532500,503.9952697753906
2025-01-13,501.20001220703125,506.0199890136719,499.70001220703125,505.55999755859375,31694200,502.3754577636719
2025-01-14,508.739990234375,510.1600036621094,501.5899963378906,505.0799865722656,33737200,501.8984680175781
2025-01-15,513.030029296875,517.8499755859375,511.4599914550781,516.7000122070312,34957600,513.4453125
2025-01-16,518.97998046875,519.0599975585938,512.9500122070312,513.0800170898438,28229000,509.84814453125
2025-01-17,522.8499755859375,524.0700073242188,513.1099853515625,521.739990234375,51837900,518.4535522460938
2025-01-21,524.47998046875,525.969970703125,520.0599975585938,524.7999877929688,23628000,521.4942626953125
2025-01-22,529.5700073242188,533.8200073242188,529.260009765625,531.510009765625,33593000,528.1619873046875
2025-01-23,529.0399780273438,532.760009765625,528.4500122070312,532.6400146484375,23096600,529.284912109375
2025-01-24,533.02001953125,533.7899780273438,528.1500244140625,529.6300048828125,19878300,526.2938232421875
2025-01-27,511.0,517.989990234375,510.1499938964844,514.2100219726562,60771700,510.9710388183594
2025-01-28,515.219970703125,523.0,511.7799987792969,521.8099975585938,33194200,518.5231323242188
2025-01-29,522.4600219726562,522.5900268554688,516.9000244140625,520.8300170898438,26649000,517.5493774414062
2025-01-30,523.7100219726562,526.0999755859375,518.2100219726562,523.0499877929688,27431300,519.7553100585938
2025-01-31,526.9199829101562,531.52001953125,521.1900024414062,522.2899780273438,38755200,519.0000610351562
2025-02-03,513.469970703125,520.8499755859375,511.04998779296875,518.1099853515625,40580800,514.846435546875
2025-02-04,518.6300048828125,525.1099853515625,518.22998046875,524.469970703125,26046800,521.1663208007812
2025-02-05,521.8200073242188,527.010009765625,520.6199951171875,526.8499755859375,21134100,523.5313720703125
2025-02-06,527.3599853515625,529.8099975585938,525.739990234375,529.5999755859375,19434500,526.2640991210938
2025-02-07,530.1400146484375,532.0999755859375,522.1900024414062,522.9199829101562,29605500,519.6260986328125
2025-02-10,527.219970703125,530.3599853515625,526.75,529.25,20852800,525.9161987304688
2025-02-11,525.9600219726562,529.9199829101562,525.8300170898438,527.989990234375,19325500,524.6642456054688
2025-02-12,522.2999877929688,529.1900024414062,521.9500122070312,528.2999877929688,25009400,524.97216796875
2025-02-13,529.97998046875,536.219970703125,529.1900024414062,535.9000244140625,28714800,532.5244140625
2025-02-14,536.010009765625,538.8400268554688,535.6699829101562,538.1500244140625,17862600,534.7601928710938
2025-02-18,539.72998046875,540.0,536.0399780273438,539.3699951171875,20565000,535.9724731445312
2025-02-19,538.5700073242188,540.8099975585938,536.4600219726562,539.52001953125,19666900,536.1215209960938
2025-02-20,538.72998046875,539.0999755859375,532.4600219726562,537.22998046875,26550800,533.8460083007812
2025-02-21,538.3800048828125,538.4000244140625,525.7100219726562,526.0800170898438,47093800,522.7661743164062
2025-02-24,527.8800048828125,529.0700073242188,519.530029296875,519.8699951171875,39268400,516.5953369140625
2025-02-25,519.239990234375,519.3200073242188,509.44000244140625,513.3200073242188,48940000,510.0865783691406
2025-02-26,515.530029296875,519.6599731445312,511.3699951171875,514.5599975585938,34457600,511.31878662109375
2025-02-27,518.1300048828125,519.0700073242188,500.04998779296875,500.2699890136719,52448000,497.1187744140625
2025-02-28,500.1300048828125,508.7799987792969,496.92999267578125,508.1700134277344,47654000,504.9690246582031
2025-03-03,511.5199890136719,513.0399780273438,493.5799865722656,497.04998779296875,44587200,493.9190673828125
2025-03-04,494.17999267578125,503.739990234375,487.739990234375,495.54998779296875,67875400,492.42852783203125
2025-03-05,496.20001220703125,503.6300048828125,491.260009765625,502.010009765625,46323700,498.84783935546875
2025-03-06,493.69000244140625,498.5799865722656,486.20001220703125,488.20001220703125,57574300,485.12481689453125
2025-03-07,487.1600036621094,493.2799987792969,480.5299987792969,491.7900085449219,54714700,488.6922607421875
2025-03-10,483.45001220703125,483.9700012207031,468.6600036621094,472.7300109863281,76668000,469.7522888183594
2025-03-11,472.3500061035156,478.80999755859375,467.010009765625,471.6000061035156,68760800,468.62939453125
2025-03-12,479.1600036621094,481.05999755859375,471.7900085449219,476.9200134277344,46971100,473.9158935546875
2025-03-13,476.25,476.2799987792969,466.42999267578125,468.3399963378906,46563300,465.38995361328125
2025-03-14,473.7300109863281,480.55999755859375,473.1199951171875,479.6600036621094,43563000,476.6386413574219
2025-03-17,479.6099853515625,485.8399963378906,477.79998779296875,482.7699890136719,41744400,479.7290344238281
2025-03-18,479.4100036621094,479.6099853515625,472.4100036621094,474.5400085449219,39072300,471.5509033203125
2025-03-19,476.80999755859375,485.3299865722656,474.8699951171875,480.8900146484375,40430300,477.8608703613281
2025-03-20,476.8800048828125,484.54998779296875,476.17999267578125,479.260009765625,36780500,476.24114990234375
2025-03-21,474.0799865722656,481.6099853515625,472.9100036621094,480.8399963378906,42234900,477.8111572265625
2025-03-24,487.739990234375,491.510009765625,484.3999938964844,490.6600036621094,34567200,488.29644775390625
2025-03-25,491.3900146484375,493.6199951171875,490.4200134277344,493.4599914550781,26035200,491.08294677734375
2025-03-26,492.29998779296875,493.1600036621094,482.82000732421875,484.3800048828125,34627100,482.04669189453125
2025-03-27,482.4100036621094,486.5799865722656,480.25,481.6199951171875,33469800,479.2999572753906
2025-03-28,479.80999755859375,480.5199890136719,468.04998779296875,468.94000244140625,46363800,466.6810607910156
2025-03-31,461.9200134277344,469.8599853515625,457.3299865722656,468.9200134277344,53000300,466.6611633300781
2025-04-01,467.29998779296875,473.6300048828125,464.4200134277344,472.70001220703125,41156200,470.4229431152344
2025-04-02,466.1199951171875,479.55999755859375,465.8599853515625,476.1499938964844,49894500,473.8563232421875
2025-04-03,456.44000244140625,460.07000732421875,450.1400146484375,450.6600036621094,70456300,448.4891052246094
2025-04-04,438.1400146484375,440.3699951171875,422.6700134277344,422.6700134277344,117088400,420.6339416503906
2025-04-07,408.6600036621094,443.1400146484375,402.3900146484375,423.69000244140625,161557000,421.6490478515625
2025-04-08,438.1600036621094,443.1400146484375,409.7900085449219,416.05999755859375,101248100,414.0557861328125
2025-04-09,415.57000732421875,467.8299865722656,415.42999267578125,466.0,142876900,463.75518798828125
2025-04-10,453.55999755859375,455.5899963378906,432.6300048828125,446.17999267578125,108384100,444.0306701660156
2025-04-11,444.6499938964844,455.7900085449219,441.3299865722656,454.3999938964844,52483800,452.21112060546875
2025-04-14,464.4599914550781,465.04998779296875,452.6300048828125,457.4800109863281,43941200,455.2762756347656
2025-04-15,458.5400085449219,462.3800048828125,456.1499938964844,457.989990234375,35404200,455.7838134765625
2025-04-16,449.0299987792969,452.6199951171875,437.760009765625,444.17999267578125,48980600,442.040283203125
2025-04-17,447.1700134277344,447.75,441.3599853515625,444.1000061035156,44837000,441.9607238769531
2025-04-21,438.2300109863281,439.0799865722656,427.92999267578125,433.1099853515625,44149300,431.02362060546875
2025-04-22,438.82000732421875,447.5799865722656,437.6199951171875,444.4800109863281,52304400,442.3388977050781
2025-04-23,458.1700134277344,463.3800048828125,452.8800048828125,454.55999755859375,55801100,452.37030029296875
2025-04-24,456.4800109863281,467.6600036621094,455.8299865722656,467.3500061035156,45956100,465.0987243652344
2025-04-25,466.9700012207031,473.0899963378906,465.3900146484375,472.55999755859375,38697100,470.2835998535156
2025-04-28,473.0299987792969,474.80999755859375,466.0299987792969,472.4100036621094,33550800,470.13433837890625
2025-04-29,470.1700134277344,476.4200134277344,469.5899963378906,475.5299987792969,30613100,473.23931884765625
2025-04-30,467.1300048828125,477.20001220703125,462.42999267578125,475.4700012207031,46810600,473.1795654296875
2025-05-01,483.4100036621094,487.17999267578125,480.739990234375,481.67999267578125,43316500,479.35968017578125
2025-05-02,486.5400085449219,490.9100036621094,484.8299865722656,488.8299865722656,39218100,486.4752197265625
2025-05-05,484.6000061035156,489.0299987792969,484.1000061035156,485.92999267578125,28309500,483.5892028808594
2025-05-06,479.55999755859375,485.04998779296875,478.19000244140625,481.4100036621094,32786300,479.09100341796875
2025-05-07,482.0799865722656,485.79998779296875,476.7799987792969,483.29998779296875,38006300,480.9718933105469
2025-05-08,488.5299987792969,492.70001220703125,484.1700134277344,488.2900085449219,39577600,485.9378967285156
2025-05-09,490.2099914550781,491.5400085449219,486.20001220703125,487.9700012207031,27767400,485.6194152832031
2025-05-12,506.989990234375,507.8900146484375,501.4800109863281,507.8500061035156,45090600,505.40362548828125
2025-05-13,509.1600036621094,517.3900146484375,508.4200134277344,515.5900268554688,53269600,513.1063842773438
2025-05-14,516.77001953125,519.22998046875,515.75,518.6799926757812,47014500,516.1814575195312
2025-05-15,516.52001953125,521.9299926757812,515.1699829101562,519.25,50153300,516.748779296875
2025-05-16,520.6599731445312,521.7000122070312,517.0999755859375,521.510009765625,48394600,518.997802734375
2025-05-19,514.239990234375,522.530029296875,514.239990234375,522.010009765625,52536200,519.4954833984375
2025-05-20,519.469970703125,520.9299926757812,516.6599731445312,520.27001953125,42517600,517.7638549804688
2025-05-21,516.27001953125,523.0,511.239990234375,513.0399780273438,71292800,510.5686340332031
2025-05-22,513.6599731445312,517.7100219726562,512.2999877929688,514.0,55607200,511.5240173339844
2025-05-23,506.17999267578125,511.8399963378906,505.5799865722656,509.239990234375,58368100,506.78692626953125
2025-05-27,516.1500244140625,521.7100219726562,514.5900268554688,521.219970703125,47226300,518.7091674804688
2025-05-28,522.1799926757812,523.6799926757812,518.3900146484375,518.9099731445312,46637200,516.4103393554688
2025-05-29,526.3300170898438,526.47998046875,517.3200073242188,519.9299926757812,58513300,517.4254760742188
2025-05-30,519.4400024414062,520.6799926757812,511.92999267578125,519.1099853515625,67662800,516.609375
2025-06-02,517.239990234375,523.4500122070312,515.969970703125,523.2100219726562,44762800,520.6896362304688
2025-06-03,523.5599975585938,528.739990234375,522.6900024414062,527.2999877929688,44070300,524.7598876953125
2025-06-04,528.010009765625,529.8400268554688,525.969970703125,528.77001953125,41359300,526.2228393554688
2025-06-05,530.1799926757812,533.0499877929688,522.6599731445312,524.7899780273438,61031200,522.2620239257812
2025-06-06,530.0,531.7999877929688,528.2100219726562,529.9199829101562,42467000,527.3673095703125
2025-06-09,530.1400146484375,532.3499755859375,529.010009765625,530.7000122070312,33688700,528.1436157226562
2025-06-10,531.1699829101562,534.9000244140625,528.8900146484375,534.2100219726562,40664800,531.63671875
2025-06-11,535.6199951171875,536.780029296875,530.1099853515625,532.4099731445312,53701000,529.8453369140625
2025-06-12,531.0900268554688,534.6400146484375,530.8400268554688,533.6599731445312,34104900,531.0892944335938
2025-06-13,527.6799926757812,531.8699951171875,525.72998046875,526.9600219726562,55814400,524.4215698242188
2025-06-16,530.5,535.3699951171875,530.4500122070312,534.2899780273438,37622100,531.7162475585938
2025-06-17,531.7100219726562,533.3300170898438,527.9099731445312,529.0800170898438,42180900,526.5313720703125
2025-06-18,530.0999755859375,532.5499877929688,527.4000244140625,528.989990234375,43983500,526.4417724609375
2025-06-20,532.260009765625,533.5599975585938,524.8800048828125,526.8300170898438,61643500,524.292236328125
2025-06-23,526.8099975585938,532.1699829101562,523.6500244140625,531.6500244140625,50666100,529.6832275390625
2025-06-24,536.8900146484375,540.7000122070312,536.27001953125,539.780029296875,45442000,537.7831420898438
2025-06-25,542.0599975585938,543.3099975585938,539.3800048828125,541.1599731445312,44804200,539.157958984375
2025-06-26,543.3499755859375,546.6699829101562,541.52001953125,546.219970703125,43811400,544.19921875
2025-06-27,547.260009765625,549.989990234375,544.5399780273438,548.0900268554688,57577100,546.0624389648438
2025-06-30,551.260009765625,552.7999877929688,549.010009765625,551.6400146484375,45548700,549.5992431640625
2025-07-01,549.72998046875,550.7100219726562,544.6599731445312,546.989990234375,56166700,544.9664916992188
2025-07-02,546.1599731445312,551.0,546.1199951171875,550.7999877929688,36538300,548.7622680664062
2025-07-03,553.1799926757812,557.2000122070312,553.1799926757812,556.219970703125,26443500,554.1622924804688
2025-07-07,553.52001953125,554.3400268554688,549.5800170898438,552.030029296875,45349300,549.9878540039062
2025-07-08,553.3800048828125,554.010009765625,551.0999755859375,552.3400268554688,36153300,550.2966918945312
2025-07-09,554.47998046875,557.6300048828125,553.0999755859375,556.25,43045500,554.1921997070312
2025-07-10,556.8900146484375,557.2999877929688,552.75,555.4500122070312,34710900,553.3952026367188
2025-07-11,553.2999877929688,555.7899780273438,552.0499877929688,554.2000122070312,39618600,552.1497802734375
2025-07-14,553.989990234375,556.9500122070312,551.6300048828125,556.2100219726562,36453300,554.1524047851562
2025-07-15,560.25,560.7999877929688,556.6599731445312,556.719970703125,43277700,554.660400390625
2025-07-16,557.280029296875,560.2100219726562,551.5599975585938,557.2899780273438,52314700,555.2283325195312
2025-07-17,558.02001953125,562.3099975585938,557.2100219726562,561.7999877929688,40423800,559.7216796875
2025-07-18,563.1199951171875,564.72998046875,559.97998046875,561.260009765625,50484700,559.1836547851562
2025-07-21,562.0900268554688,566.0599975585938,562.0599975585938,564.1699829101562,39595200,562.0828857421875
2025-07-22,564.2999877929688,564.3499755859375,558.6099853515625,561.25,43270600,559.1736450195312
2025-07-23,562.3400268554688,563.8499755859375,559.5800170898438,563.8099975585938,40215300,561.7242431640625
2025-07-24,565.1300048828125,566.239990234375,563.2899780273438,565.010009765625,42275500,562.9197998046875
2025-07-25,564.9299926757812,567.7000122070312,564.27001953125,566.3699951171875,30630800,564.2747802734375
2025-07-28,567.739990234375,569.0399780273438,566.8699951171875,568.1400146484375,31498700,566.0381469726562
2025-07-29,570.760009765625,572.1099853515625,566.530029296875,567.260009765625,45463300,565.1614379882812
2025-07-30,568.1799926757812,570.6199951171875,565.0499877929688,568.02001953125,43433800,565.918701171875
2025-07-31,574.5399780273438,574.6300048828125,563.8699951171875,565.010009765625,64613600,562.9197998046875
2025-08-01,558.8300170898438,559.02001953125,551.6799926757812,553.8800048828125,69400800,551.8309936523438
2025-08-04,559.0499877929688,564.3200073242188,558.9500122070312,564.0999755859375,47669800,562.0130615234375
2025-08-05,565.3900146484375,566.5599975585938,559.72998046875,560.27001953125,48666600,558.1973266601562
2025-08-06,561.1099853515625,567.760009765625,560.6300048828125,567.3200073242188,41823700,565.2212524414062
2025-08-07,571.6699829101562,573.3200073242188,565.1099853515625,569.239990234375,44463000,567.1341552734375
2025-08-08,570.4500122070312,574.77001953125,570.1500244140625,574.5499877929688,35255500,572.4244384765625
2025-08-11,574.6900024414062,576.7999877929688,571.5700073242188,572.8499755859375,33112900,570.730712890625
2025-08-12,575.1599731445312,580.3499755859375,572.489990234375,580.0499877929688,42143300,577.9041137695312
2025-08-13,582.760009765625,583.3200073242188,578.9400024414062,580.3400268554688,41209300,578.1930541992188
2025-08-14,578.280029296875,581.8800048828125,577.9099731445312,579.8900146484375,45425000,577.7447509765625
2025-08-15,579.7999877929688,579.8400268554688,575.5700073242188,577.3400268554688,49480200,575.2042236328125
2025-08-18,576.4400024414062,577.77001953125,575.239990234375,577.1099853515625,29831000,574.9749755859375
2025-08-19,576.3900146484375,576.5599975585938,568.25,569.280029296875,53752600,567.1740112304688
2025-08-20,568.3300170898438,568.4500122070312,558.8400268554688,565.9000244140625,76781100,563.8064575195312
2025-08-21,564.3499755859375,566.489990234375,560.97998046875,563.280029296875,46436900,561.1962280273438
2025-08-22,564.6699829101562,573.989990234375,563.27001953125,571.969970703125,51502100,569.85400390625
2025-08-25,570.4000244140625,573.2899780273438,569.1599731445312,570.3200073242188,34044700,568.2100830078125
2025-08-26,569.8300170898438,572.9199829101562,568.7999877929688,572.6099853515625,34103000,570.4916381835938
2025-08-27,571.5900268554688,574.4099731445312,570.3699951171875,573.489990234375,36927100,571.368408203125
2025-08-28,574.1099853515625,578.0,572.4600219726562,577.0800170898438,46787900,574.9451293945312
2025-08-29,574.6599731445312,575.030029296875,568.5399780273438,570.4000244140625,56030400,568.2899169921875
2025-09-02,561.3099975585938,565.969970703125,559.5399780273438,565.6199951171875,65876800,563.5274658203125
2025-09-03,569.22998046875,571.7000122070312,566.72998046875,570.0700073242188,54230200,567.9611206054688
2025-09-04,570.739990234375,575.5999755859375,569.030029296875,575.22998046875,47526300,573.1019287109375
2025-09-05,580.489990234375,581.1199951171875,571.530029296875,576.0599975585938,68342500,573.9288940429688
2025-09-08,578.3699951171875,580.8400268554688,577.77001953125,578.8699951171875,46371400,576.7284545898438
2025-09-09,579.6699829101562,580.9400024414062,577.0399780273438,580.510009765625,44007600,578.3624877929688
2025-09-10,583.739990234375,583.77001953125,578.5499877929688,580.7000122070312,49308000,578.5517578125
2025-09-11,583.239990234375,584.8800048828125,581.6199951171875,584.0800170898438,44745800,581.9192504882812
2025-09-12,585.0399780273438,587.8599853515625,584.0999755859375,586.6599731445312,50745900,584.4896240234375
2025-09-15,588.4400024414062,591.7899780273438,588.2899780273438,591.6799926757812,44360300,589.4911499023438
2025-09-16,592.6099853515625,592.8599853515625,590.489990234375,591.1799926757812,36942100,588.992919921875
2025-09-17,591.0999755859375,591.75,584.3699951171875,590.0,69384800,587.8173217773438
2025-09-18,594.9099731445312,598.1400146484375,592.9600219726562,595.3200073242188,61069300,593.11767578125
2025-09-19,597.3300170898438,600.0499877929688,595.8499755859375,599.3499755859375,58196100,597.1326904296875
2025-09-22,597.739990234375,602.8699951171875,597.719970703125,602.2000122070312,57154800,600.667724609375
2025-09-23,602.3699951171875,602.5700073242188,596.97998046875,598.2000122070312,64635500,596.6779174804688
2025-09-24,599.5800170898438,599.9000244140625,593.3599853515625,596.0999755859375,49850300,594.583251953125
2025-09-25,592.2000122070312,595.1199951171875,588.5,593.530029296875,70920200,592.0198364257812
2025-09-26,594.3499755859375,596.2999877929688,591.0599975585938,595.969970703125,54337400,594.4535522460938
2025-09-29,599.1099853515625,602.0499877929688,597.4099731445312,598.72998046875,48332900,597.20654296875
2025-09-30,598.4299926757812,600.7100219726562,596.0999755859375,600.3699951171875,46533800,598.8424072265625
2025-10-01,597.1699829101562,603.7899780273438,596.3400268554688,603.25,46899600,601.7150268554688
2025-10-02,607.0599975585938,607.1599731445312,602.9299926757812,605.72998046875,43765400,604.188720703125
2025-10-03,606.510009765625,607.3300170898438,601.3900146484375,603.1799926757812,46482100,601.645263671875
2025-10-06,608.4500122070312,609.3599853515625,605.969970703125,607.7100219726562,41962100,606.1636962890625
2025-10-07,609.02001953125,609.7100219726562,603.030029296875,604.510009765625,58209500,602.9718627929688
2025-10-08,605.4099731445312,611.75,605.260009765625,611.4400024414062,50629800,609.88427734375
2025-10-09,611.47998046875,611.6099853515625,607.47998046875,610.7000122070312,45551000,609.1461181640625
2025-10-10,611.4000244140625,613.1799926757812,589.0499877929688,589.5,97614800,588.0000610351562
2025-10-13,599.6799926757812,602.9500122070312,597.22998046875,602.010009765625,65872600,600.4782104492188
2025-10-14,595.3099975585938,602.6900024414062,590.1300048828125,598.0,69203200,596.4783935546875
2025-10-15,604.010009765625,606.7000122070312,595.9299926757812,602.219970703125,62805500,600.6876220703125
2025-10-16,605.1099853515625,608.3099975585938,595.5,599.989990234375,70982000,598.4633178710938
2025-10-17,597.9500122070312,605.510009765625,596.3699951171875,603.9299926757812,72024900,602.393310546875
2025-10-20,607.1400146484375,612.7999877929688,607.0700073242188,611.5399780273438,45761700,609.98388671875
2025-10-21,611.6400146484375,612.719970703125,609.3200073242188,611.3800048828125,44538200,609.8244018554688
2025-10-22,610.8200073242188,611.4099731445312,599.739990234375,605.489990234375,61478800,603.9493408203125
2025-10-23,604.9099731445312,611.3699951171875,604.52001953125,610.5800170898438,42844300,609.0264282226562
2025-10-24,615.989990234375,618.4199829101562,615.1300048828125,617.0999755859375,47632500,615.52978515625
2025-10-27,624.52001953125,628.5499877929688,624.030029296875,628.0900268554688,54098600,626.4918823242188
2025-10-28,630.3599853515625,634.6799926757812,629.25,632.9199829101562,61195700,631.3095703125
2025-10-29,635.5900268554688,637.010009765625,630.25,635.77001953125,67422800,634.15234375
2025-10-30,632.1699829101562,633.5,625.9400024414062,626.0499877929688,61628600,624.45703125
2025-10-31,634.1699829101562,634.2000122070312,626.6900024414062,629.0700073242188,66305100,627.4693603515625
2025-11-03,635.1099853515625,635.8200073242188,629.8499755859375,632.0800170898438,37154300,630.4716796875
2025-11-04,623.280029296875,626.9500122070312,618.4600219726562,619.25,63830800,617.6743774414062
2025-11-05,618.489990234375,626.5999755859375,617.2100219726562,623.280029296875,48688500,621.6941528320312
2025-11-06,621.7899780273438,622.0399780273438,610.2999877929688,611.6699829101562,72115100,610.1136474609375
2025-11-07,608.3099975585938,609.9500122070312,598.6699829101562,609.739990234375,81835400,608.1885375976562
2025-11-10,618.9199829101562,624.3099975585938,616.8900146484375,623.22998046875,55919900,621.6442260742188
2025-11-11,620.5700073242188,622.719970703125,617.52001953125,621.5700073242188,44868800,619.9884643554688
2025-11-12,624.8400268554688,624.8599853515625,617.8099975585938,621.0800170898438,47444400,619.4996948242188
2025-11-13,617.5399780273438,618.1199951171875,606.0800170898438,608.4000244140625,71333600,606.8519897460938
2025-11-14,599.5499877929688,613.3499755859375,597.1699829101562,608.8599853515625,80087300,607.310791015625
2025-11-17,606.2999877929688,612.47998046875,599.8699951171875,603.6599731445312,63850400,602.1240234375
2025-11-18,599.6199951171875,602.3099975585938,591.3400268554688,596.3099975585938,83327300,594.792724609375
2025-11-19,597.0700073242188,606.1599731445312,594.5900268554688,599.8699951171875,73111500,598.3436889648438
2025-11-20,611.6199951171875,614.030029296875,584.75,585.6699829101562,117743200,584.1798095703125
2025-11-21,587.469970703125,596.97998046875,580.739990234375,590.0700073242188,103344200,588.568603515625
2025-11-24,595.280029296875,606.6799926757812,595.1599731445312,605.1599731445312,60168100,603.6201782226562
2025-11-25,603.510009765625,610.260009765625,597.3200073242188,608.8900146484375,57560900,607.3406982421875
2025-11-26,612.510009765625,616.1900024414062,610.3900146484375,614.27001953125,42393600,612.70703125
2025-11-28,616.1099853515625,619.3200073242188,615.4199829101562,619.25,23034400,617.6743774414062
2025-12-01,613.6300048828125,619.4400024414062,612.52001953125,617.1699829101562,40957600,615.599609375
2025-12-02,619.4600219726562,623.75,617.5900268554688,622.0,54541800,620.4173583984375
2025-12-03,619.6199951171875,624.219970703125,618.030029296875,623.52001953125,47841600,621.9335327148438
2025-12-04,624.9299926757812,624.9400024414062,619.5399780273438,622.9400024414062,47067800,621.35498046875
2025-12-05,624.3800048828125,628.9199829101562,623.7100219726562,625.47998046875,53614200,623.8884887695312
2025-12-08,627.2100219726562,628.8400268554688,621.6900024414062,624.280029296875,43462400,622.6915893554688
2025-12-09,623.010009765625,625.8699951171875,621.0,625.0499877929688,37156000,623.4595947265625
2025-12-10,623.8499755859375,629.2100219726562,620.989990234375,627.6099853515625,55031400,626.0130615234375
2025-12-11,623.8200073242188,625.780029296875,617.719970703125,625.5800170898438,58272800,623.98828125
2025-12-12,622.0800170898438,623.5399780273438,611.3599853515625,613.6199951171875,75158700,612.0587158203125
2025-12-15,618.3699951171875,618.4199829101562,609.3200073242188,610.5399780273438,49538200,608.9865112304688
2025-12-16,608.260009765625,613.510009765625,606.9099731445312,611.75,55152800,610.1934204101562
2025-12-17,613.0599975585938,613.6500244140625,600.280029296875,600.4099731445312,70654300,598.8822631835938
2025-12-18,609.7999877929688,612.9299926757812,606.9199829101562,609.1099853515625,78875800,607.5601806640625
2025-12-19,611.9500122070312,617.6199951171875,611.8699951171875,617.0499877929688,60369800,615.4799194335938
2025-12-22,621.3499755859375,621.6500244140625,617.77001953125,619.2100219726562,43703100,618.4302368164062
2025-12-23,618.2000122070312,622.4099731445312,617.780029296875,622.1099853515625,41120400,621.3265380859375
2025-12-24,621.989990234375,624.280029296875,621.719970703125,623.9299926757812,18468700,623.144287109375
2025-12-26,624.6599731445312,625.52001953125,623.1400146484375,623.8900146484375,28959800,623.1043090820312
2025-12-29,620.0999755859375,622.780029296875,618.72998046875,620.8699951171875,32458300,620.088134765625
2025-12-30,619.8400268554688,622.1799926757812,619.219970703125,619.4299926757812,31226800,618.64990234375
2025-12-31,619.6500244140625,619.9600219726562,614.0499877929688,614.3099975585938,40746500,613.536376953125
2026-01-02,620.0599975585938,622.8499755859375,610.1500244140625,613.1199951171875,61859200,612.347900390625
2026-01-05,619.3200073242188,620.8099975585938,616.719970703125,617.989990234375,46828400,617.2117309570312
2026-01-06,619.22998046875,624.02001953125,618.5399780273438,623.4199829101562,43137500,622.6348876953125
2026-01-07,623.0399780273438,627.9400024414062,622.5599975585938,624.02001953125,44880300,623.2341918945312
2026-01-08,623.030029296875,623.4199829101562,617.7999877929688,620.469970703125,50435900,619.6885986328125
2026-01-09,621.4099731445312,627.8900146484375,619.0599975585938,626.6500244140625,49688700,625.86083984375
2026-01-12,622.3099975585938,628.8499755859375,622.260009765625,627.1699829101562,37388700,626.3801879882812
2026-01-13,627.27001953125,629.469970703125,623.7000122070312,626.239990234375,44481400,625.4513549804688
2026-01-14,622.239990234375,623.4500122070312,614.5599975585938,619.5499877929688,72598700,618.769775390625
2026-01-15,626.5999755859375,630.0,620.75,621.780029296875,53934900,620.9970092773438
2026-01-16,625.5,626.0800170898438,618.8800048828125,621.260009765625,61058100,620.4776611328125
2026-01-20,610.530029296875,615.0599975585938,607.0499877929688,608.0599975585938,81988900,607.2942504882812
2026-01-21,609.469970703125,620.4199829101562,607.8599853515625,616.280029296875,79837900,615.50390625
2026-01-22,622.3499755859375,622.4600219726562,617.780029296875,620.760009765625,42254800,619.978271484375
2026-01-23,619.72998046875,625.4000244140625,618.6500244140625,622.719970703125,43645800,621.935791015625
2026-01-26,623.2100219726562,627.6099853515625,622.1199951171875,625.4600219726562,35983000,624.67236328125
2026-01-27,628.9099731445312,632.0399780273438,627.3400268554688,631.1300048828125,38997200,630.335205078125
2026-01-28,635.4600219726562,636.5999755859375,631.8099975585938,633.219970703125,50691700,632.4225463867188
2026-01-29,632.6500244140625,633.6699829101562,618.27001953125,629.4299926757812,79944000,628.6373291015625
2026-01-30,625.7100219726562,628.260009765625,619.2999877929688,621.8699951171875,65650700,621.0868530273438
2026-02-02,618.7000122070312,628.489990234375,618.6599731445312,626.1400146484375,49020300,625.3515014648438
2026-02-03,628.2999877929688,629.97998046875,610.9600219726562,616.52001953125,81234000,615.7435913085938
2026-02-04,615.02001953125,615.0999755859375,600.469970703125,605.75,81850700,604.9871826171875
2026-02-05,600.2100219726562,604.8099975585938,594.760009765625,597.030029296875,89354500,596.2781982421875
2026-02-06,600.1900024414062,611.4099731445312,598.77001953125,609.6500244140625,78019300,608.8822631835938
2026-02-09,607.5399780273438,616.4600219726562,605.0700073242188,614.3200073242188,56797600,613.54638671875
2026-02-10,615.3099975585938,617.02001953125,611.010009765625,611.469970703125,53938900,610.699951171875
2026-02-11,616.3800048828125,617.52001953125,607.6900024414062,613.1099853515625,58575100,612.337890625
2026-02-12,614.7100219726562,615.8099975585938,599.5700073242188,600.6400146484375,81378900,599.8836059570312
2026-02-13,600.4299926757812,606.47998046875,596.4199829101562,601.9199829101562,69237500,601.1619873046875
2026-02-17,598.3800048828125,603.9500122070312,593.3400268554688,601.2999877929688,69013800,600.542724609375
2026-02-18,602.1099853515625,609.77001953125,600.719970703125,605.7899780273438,64250700,605.027099609375
2026-02-19,602.8099975585938,605.8200073242188,600.75,603.469970703125,60960800,602.7100219726562
2026-02-20,600.1199951171875,610.3499755859375,599.22998046875,608.8099975585938,74127300,608.0433349609375
2026-02-23,606.6099853515625,608.010009765625,599.0499877929688,601.4099731445312,63859100,600.652587890625
2026-02-24,602.4000244140625,608.989990234375,599.72998046875,607.8699951171875,55023700,607.1044921875
2026-02-25,611.0700073242188,616.8300170898438,611.0,616.6799926757812,55710700,615.9033813476562
2026-02-26,615.5900268554688,615.5900268554688,603.97998046875,609.239990234375,96178900,608.4727783203125
2026-02-27,602.97998046875,608.3200073242188,602.1900024414062,607.2899780273438,68125200,606.5252075195312
2026-03-02,598.8599853515625,609.9199829101562,597.989990234375,608.0900268554688,75264600,607.32421875
2026-03-03,596.3300170898438,603.9600219726562,591.8699951171875,601.5800170898438,97015500,600.8224487304688
2026-03-04,604.1599731445312,612.8800048828125,603.4299926757812,610.75,70943900,609.9808959960938
2026-03-05,607.4000244140625,612.760009765625,602.260009765625,608.9099731445312,89602400,608.1431274414062
2026-03-06,600.3099975585938,606.0,598.3300170898438,599.75,86302300,598.9946899414062
2026-03-09,594.22998046875,609.27001953125,591.3300170898438,607.760009765625,93068200,606.99462890625
2026-03-10,607.780029296875,613.2899780273438,605.4199829101562,607.77001953125,64078900,607.004638671875
2026-03-11,608.9500122070312,612.4299926757812,605.030029296875,607.6900024414062,60114800,606.9247436523438
2026-03-12,602.760009765625,604.1400146484375,597.0499877929688,597.260009765625,71836600,596.5078735351562
2026-03-13,599.72998046875,603.5999755859375,592.5700073242188,593.719970703125,63145500,592.9722900390625
2026-03-16,600.0399780273438,603.8599853515625,599.1099853515625,600.3800048828125,49077200,599.6239013671875
2026-03-17,603.1400146484375,605.9000244140625,601.8699951171875,603.3099975585938,47106600,602.5502319335938
2026-03-18,601.489990234375,603.1599731445312,594.5599975585938,594.9000244140625,56128000,594.15087890625
2026-03-19,589.510009765625,595.7999877929688,587.0800170898438,593.02001953125,75597600,592.273193359375
2026-03-20,591.0599975585938,591.1699829101562,578.5399780273438,582.0599975585938,91964700,581.3269653320312
2026-03-23,590.52001953125,595.0800170898438,585.9600219726562,588.0,89936100,588.0
2026-03-24,584.8099975585938,587.9299926757812,581.9299926757812,583.97998046875,57750900,583.97998046875
2026-03-25,589.1400146484375,591.3699951171875,585.6900024414062,587.8200073242188,60475500,587.8200073242188
2026-03-26,582.5999755859375,584.6300048828125,573.4299926757812,573.7899780273438,81492100,573.7899780273438
2026-03-27,570.8099975585938,571.02001953125,561.5700073242188,562.5800170898438,82702200,562.5800170898438
2026-03-30,567.3800048828125,568.0499877929688,555.5999755859375,558.280029296875,70602600,558.280029296875
2026-03-31,564.2899780273438,578.6400146484375,564.2100219726562,577.1799926757812,95878000,577.1799926757812
2026-04-01,581.47998046875,587.739990234375,580.4199829101562,584.3099975585938,79435100,584.3099975585938
2026-04-02,573.969970703125,586.0499877929688,571.9199829101562,584.97998046875,50941700,584.97998046875
2026-04-06,586.22998046875,590.6099853515625,584.6900024414062,588.5,35108500,588.5
2026-04-07,585.6400146484375,588.97998046875,578.4000244140625,588.5900268554688,49948200,588.5900268554688
2026-04-08,608.7100219726562,609.9000244140625,602.1199951171875,606.0900268554688,63086000,606.0900268554688
2026-04-09,605.9299926757812,610.5,603.030029296875,610.1900024414062,37837500,610.1900024414062
2026-04-10,611.8400268554688,613.6699829101562,609.5800170898438,611.0700073242188,34038500,611.0700073242188
2026-04-13,609.47998046875,626.739990234375,608.1099853515625,617.3900146484375,32972100,617.3900146484375
2026-04-14,620.219970703125,628.5999755859375,620.0999755859375,628.5999755859375,49921100,628.5999755859375
2026-04-15,629.0800170898438,637.8300170898438,628.2000122070312,637.4000244140625,50102400,637.4000244140625
2026-04-16,639.2100219726562,642.1799926757812,635.260009765625,640.469970703125,42320600,640.469970703125
2026-04-17,645.5900268554688,650.0,644.0700073242188,648.8499755859375,53488900,648.8499755859375
2026-04-20,648.0399780273438,648.760009765625,642.52001953125,646.7899780273438,37138500,646.7899780273438
2026-04-21,648.4099731445312,650.2000122070312,642.2100219726562,644.3300170898438,39580500,644.3300170898438
2026-04-22,650.1500244140625,655.3300170898438,648.52001953125,655.1099853515625,37368400,655.1099853515625
2026-04-23,653.5499877929688,656.9199829101562,645.52001953125,651.4199829101562,40099800,651.4199829101562
2026-04-24,658.510009765625,664.510009765625,656.530029296875,663.8800048828125,45563100,663.8800048828125
2026-04-27,663.4000244140625,664.4299926757812,660.6900024414062,664.22998046875,32717000,664.22998046875
2026-04-28,657.4099731445312,659.6400146484375,653.8099975585938,657.5499877929688,34147900,657.5499877929688
2026-04-29,658.6300048828125,661.719970703125,656.5900268554688,661.5700073242188,31724900,661.5700073242188
2026-04-30,665.3499755859375,668.9000244140625,657.5599975585938,667.739990234375,40622200,667.739990234375
2026-05-01,669.1599731445312,675.969970703125,668.7999877929688,674.1500244140625,39172600,674.1500244140625
2026-05-04,674.6599731445312,676.72998046875,668.9000244140625,672.8800048828125,34542000,672.8800048828125
2026-05-05,677.9600219726562,682.77001953125,677.510009765625,681.6099853515625,37101100,681.6099853515625
2026-05-06,687.780029296875,695.9299926757812,686.47998046875,695.77001953125,38778500,695.77001953125
2026-05-07,696.5800170898438,701.239990234375,691.77001953125,694.9400024414062,43779100,694.9400024414062
2026-05-08,699.9199829101562,711.22998046875,699.5,711.22998046875,44320400,711.22998046875
2026-05-11,710.3599853515625,714.5900268554688,708.9099731445312,713.2899780273438,36019100,713.2899780273438
2026-05-12,708.219970703125,710.1799926757812,696.6400146484375,707.239990234375,45873000,707.239990234375
2026-05-13,709.9600219726562,716.6500244140625,704.8300170898438,714.7100219726562,40012500,714.7100219726562
2026-05-14,714.6199951171875,722.030029296875,714.219970703125,719.7899780273438,33327500,719.7899780273438
2026-05-15,710.1400146484375,715.1300048828125,705.5499877929688,708.9299926757812,51687900,708.9299926757812
