date,open,high,low,close,volume,adjusted_close
2024-01-02,109.21199798583984,110.19999694824219,107.70899963378906,108.53800201416016,28831000,105.91424560546875
2024-01-03,107.0199966430664,107.5,105.53099822998047,105.85800170898438,34735000,103.29902648925781
2024-01-04,105.7959976196289,106.94999694824219,104.73699951171875,104.9010009765625,25658000,102.36515045166016
2024-01-05,105.16000366210938,105.5459976196289,104.1510009765625,104.9280014038086,22475000,102.39149475097656
2024-01-08,105.6500015258789,107.80000305175781,105.19999694824219,107.48500061035156,33110000,104.88668823242188
2024-01-09,106.56199645996094,108.8550033569336,106.47100067138672,108.2490005493164,23225000,105.63221740722656
2024-01-10,108.03500366210938,108.2959976196289,106.26000213623047,108.05699920654297,17643000,105.44485473632812
2024-01-11,108.43199920654297,110.12999725341797,107.45099639892578,109.99800109863281,25757000,107.33894348144531
2024-01-12,111.20999908447266,111.56900024414062,110.0009994506836,110.76799774169922,26882000,108.09031677246094
2024-01-16,111.23400115966797,112.6240005493164,109.86299896240234,111.49600219726562,26145000,108.80075073242188
2024-01-17,110.62899780273438,111.31099700927734,109.02100372314453,110.36699676513672,18314000,107.69901275634766
2024-01-18,112.48999786376953,114.65499877929688,112.18800354003906,114.39099884033203,32228000,111.62574768066406
2024-01-19,115.73100280761719,121.69999694824219,115.5999984741211,121.12000274658203,53077000,118.19209289550781
2024-01-22,121.625,123.13300323486328,120.8219985961914,122.05000305175781,31222000,119.099609375
2024-01-23,122.0999984741211,122.697998046875,120.35199737548828,122.63099670410156,16952000,119.66654968261719
2024-01-24,124.2300033569336,128.4550018310547,123.10099792480469,125.38700103759766,34805000,122.35592651367188
2024-01-25,128.10000610351562,128.10000610351562,122.87999725341797,123.0,36356000,120.02662658691406
2024-01-26,121.97000122070312,122.12100219726562,120.02300262451172,120.48799896240234,25818000,117.57535552978516
2024-01-29,121.49099731445312,122.36699676513672,120.4990005493164,121.7770004272461,21526000,118.83320617675781
2024-01-30,121.677001953125,122.80000305175781,120.42900085449219,120.81600189208984,20683000,117.89543151855469
2024-01-31,118.94499969482422,119.72200012207031,117.43099975585938,118.0,27400000,115.14749145507812
2024-02-01,118.73500061035156,120.30899810791016,117.91100311279297,120.0009994506836,19411000,117.1001205444336
2024-02-02,120.875,123.46900177001953,120.51499938964844,122.43399810791016,26689000,119.47431945800781
2024-02-05,122.69599914550781,124.7750015258789,122.21499633789062,124.30999755859375,22045000,121.30496215820312
2024-02-06,126.35700225830078,127.21099853515625,121.19400024414062,122.26499938964844,25354000,119.30940246582031
2024-02-07,123.4000015258789,125.95099639892578,122.66999816894531,125.70600128173828,25768000,122.66722106933594
2024-02-08,126.69999694824219,129.5970001220703,126.5009994506836,127.47599792480469,29326000,124.3944320678711
2024-02-09,125.2030029296875,128.5749969482422,124.89900207519531,128.343994140625,26293000,125.24144744873047
2024-02-12,129.00100708007812,129.0070037841797,125.9000015258789,126.5,24778000,123.44203186035156
2024-02-13,123.51200103759766,125.58699798583984,122.70899963378906,125.16500091552734,31907000,122.13928985595703
2024-02-14,126.92400360107422,127.30000305175781,124.13200378417969,126.22200012207031,27306000,123.17074584960938
2024-02-15,127.99500274658203,128.0,124.48500061035156,126.50700378417969,21873000,123.44886016845703
2024-02-16,125.90399932861328,127.56800079345703,124.23899841308594,124.5479965209961,21268000,121.53720092773438
2024-02-20,123.58599853515625,123.77200317382812,121.25599670410156,122.65499877929688,26329000,119.68997192382812
2024-02-21,121.80000305175781,122.80500030517578,120.26399993896484,122.74500274658203,20579000,119.77780151367188
2024-02-22,128.17100524902344,131.09800720214844,127.64700317382812,130.49000549316406,40819000,127.33555603027344
2024-02-23,130.83700561523438,131.96200561523438,128.8820037841797,129.63699340820312,23115000,126.50320434570312
2024-02-26,131.0,131.87899780273438,130.14599609375,130.91299438476562,16282000,127.74834442138672
2024-02-27,130.91299438476562,131.19400024414062,129.2220001220703,129.6230010986328,12126000,126.48953247070312
2024-02-28,129.3000030517578,129.8520050048828,128.2969970703125,128.94200134277344,10967000,125.82500457763672
2024-02-29,130.33099365234375,130.83999633789062,128.72799682617188,130.0489959716797,27536000,126.90522766113281
2024-03-01,132.59300231933594,140.7760009765625,132.0,139.91700744628906,44488000,136.5347137451172
2024-03-04,140.31500244140625,143.81700134277344,138.5189971923828,140.2259979248047,34854000,136.83621215820312
2024-03-05,139.5,139.5,133.23699951171875,134.27499389648438,36040000,131.02908325195312
2024-03-06,139.1580047607422,139.48300170898438,134.70599365234375,135.0,43196000,131.73654174804688
2024-03-07,138.19900512695312,141.43099975585938,137.28900146484375,140.7010040283203,62832000,137.29974365234375
2024-03-08,139.4250030517578,141.3000030517578,130.1580047607422,130.8719940185547,74025000,127.70832061767578
2024-03-11,127.79299926757812,129.90199279785156,125.25599670410156,129.31199645996094,31105000,126.1860580444336
2024-03-12,130.6999969482422,130.7790069580078,125.9280014038086,129.18800354003906,42789000,126.06503295898438
2024-03-13,128.28799438476562,128.28799438476562,125.23600006103516,125.78700256347656,37838000,122.74626159667969
2024-03-14,126.25399780273438,127.31300354003906,124.77100372314453,126.22699737548828,38029000,123.17560577392578
2024-03-15,125.34600067138672,126.73699951171875,123.00700378417969,123.55000305175781,88823000,120.5633316040039
2024-03-18,125.39800262451172,126.28800201416016,123.16999816894531,123.7239990234375,25737000,120.7331314086914
2024-03-19,121.69499969482422,124.0270004272461,120.4020004272461,123.8010025024414,24491000,120.80827331542969
2024-03-20,123.9020004272461,128.7989959716797,122.65899658203125,127.5999984741211,40946000,125.04572296142578
2024-03-21,132.83200073242188,140.36099243164062,131.60000610351562,134.8000030517578,72468000,132.10159301757812
2024-03-22,135.0,137.6219940185547,134.61500549316406,135.3470001220703,38624000,132.6376495361328
2024-03-25,134.5030059814453,135.843994140625,133.7469940185547,135.1580047607422,21237000,132.45242309570312
2024-03-26,136.468994140625,137.99400329589844,133.05099487304688,133.1490020751953,23522000,130.48362731933594
2024-03-27,135.0,135.0,129.6020050048828,131.8730010986328,25583000,129.23318481445312
2024-03-28,131.7899932861328,133.00900268554688,131.1529998779297,132.54100036621094,19856000,129.8878173828125
2024-04-01,132.5679931640625,136.29800415039062,132.54100036621094,135.0260009765625,17252000,132.32305908203125
2024-04-02,131.57899475097656,134.23699951171875,130.34100341796875,133.87600708007812,24694000,131.19610595703125
2024-04-03,132.8000030517578,137.6820068359375,132.52699279785156,136.3209991455078,28650000,133.5921173095703
2024-04-04,138.53199768066406,140.3979949951172,131.5,131.75,27014000,129.11264038085938
2024-04-05,132.60000610351562,136.1230010986328,131.4199981689453,133.9429931640625,19438000,131.26173400878906
2024-04-08,133.36500549316406,134.25,131.5749969482422,133.61000061035156,17139000,130.93539428710938
2024-04-09,135.73699951171875,135.947998046875,130.86399841308594,133.4080047607422,17986000,130.73745727539062
2024-04-10,132.3000030517578,133.5749969482422,131.54800415039062,132.23699951171875,17467000,129.58990478515625
2024-04-11,133.26800537109375,139.18699645996094,132.36500549316406,138.24600219726562,31713000,135.47860717773438
2024-04-12,135.2010040283203,136.6510009765625,133.66200256347656,134.40699768066406,27823000,131.71644592285156
2024-04-15,137.0,137.0,130.60000610351562,131.06900024414062,24370000,128.4452667236328
2024-04-16,131.53799438476562,133.6320037841797,131.10000610351562,132.906005859375,18923000,130.2454833984375
2024-04-17,134.31100463867188,134.6999969482422,128.14199829101562,128.26300048828125,24718000,125.6954574584961
2024-04-18,128.8000030517578,129.26499938964844,125.5459976196289,125.89900207519531,24888000,123.37876892089844
2024-04-19,125.89900207519531,126.0,119.75599670410156,120.47100067138672,44797000,118.0594253540039
2024-04-22,122.44999694824219,123.31999969482422,120.05400085449219,122.44599914550781,25162000,119.99488830566406
2024-04-23,122.81700134277344,125.79000091552734,122.802001953125,124.91899871826172,22025000,122.41838836669922
2024-04-24,126.38999938964844,128.56199645996094,124.49600219726562,125.68199920654297,20108000,123.1661148071289
2024-04-25,127.24500274658203,130.80299377441406,125.69999694824219,129.44200134277344,30410000,126.85086059570312
2024-04-26,131.0,135.58299255371094,130.31300354003906,134.40699768066406,24100000,131.71644592285156
2024-04-29,134.4080047607422,135.29800415039062,132.57000732421875,133.86199951171875,13372000,131.18235778808594
2024-04-30,132.88800048828125,134.8350067138672,129.90499877929688,130.02699279785156,22113000,127.42411804199219
2024-05-01,127.83300018310547,129.23699951171875,124.13500213623047,124.28600311279297,30958000,121.79806518554688
2024-05-02,125.62799835205078,126.44499969482422,122.33100128173828,123.85700225830078,29480000,121.37764739990234
2024-05-03,125.9000015258789,128.38800048828125,124.71399688720703,127.81099700927734,24898000,125.25249481201172
2024-05-06,128.6219940185547,131.07699584960938,127.50700378417969,131.031005859375,16287000,128.4080352783203
2024-05-07,131.6439971923828,131.8990020751953,129.67599487304688,130.31100463867188,12413000,127.70244598388672
2024-05-08,129.35000610351562,133.79100036621094,128.8489990234375,132.53700256347656,13918000,129.88389587402344
2024-05-09,131.7830047607422,132.16099548339844,130.1999969482422,130.56700134277344,12170000,127.95333099365234
2024-05-10,131.531005859375,134.39999389648438,131.531005859375,133.27999877929688,16300000,130.6120147705078
2024-05-13,134.8000030517578,135.83900451660156,133.01100158691406,133.75100708007812,18507000,131.07359313964844
2024-05-14,133.23399353027344,138.19900512695312,132.5800018310547,138.0030059814453,19420000,135.24049377441406
2024-05-15,138.0,143.89500427246094,136.9980010986328,143.61700439453125,32757000,140.7421112060547
2024-05-16,142.60000610351562,144.5399932861328,140.50599670410156,141.21299743652344,28395000,138.38621520996094
2024-05-17,141.24200439453125,141.9530029296875,138.17799377441406,139.5290069580078,18174000,136.7359161376953
2024-05-20,139.60000610351562,141.69400024414062,139.3159942626953,141.4029998779297,27170000,138.57241821289062
2024-05-21,139.8679962158203,140.93899536132812,139.3459930419922,139.9199981689453,15333000,137.1190948486328
2024-05-22,139.6009979248047,140.5,138.4219970703125,139.2239990234375,21002000,136.43702697753906
2024-05-23,142.84300231933594,142.89999389648438,137.8000030517578,139.32899475097656,31039000,136.53993225097656
2024-05-24,139.97900390625,141.35800170898438,139.20199584960938,140.78399658203125,16730000,137.96578979492188
2024-05-28,141.0,141.71800231933594,139.25399780273438,141.2449951171875,22919000,138.41757202148438
2024-05-29,139.91000366210938,139.91000366210938,138.3000030517578,139.06700134277344,26861000,136.28318786621094
2024-05-30,137.89999389648438,138.2779998779297,135.56399536132812,136.4080047607422,21717000,133.67742919921875
2024-05-31,136.13600158691406,136.2550048828125,130.7259979248047,132.85499572753906,73091000,130.19552612304688
2024-06-03,135.27000427246094,135.3000030517578,130.2530059814453,132.19000244140625,26278000,129.54383850097656
2024-06-04,132.0399932861328,133.19900512695312,130.7010040283203,133.08200073242188,23048000,130.41799926757812
2024-06-05,134.60000610351562,141.43499755859375,134.0540008544922,141.3090057373047,32947000,138.4803009033203
2024-06-06,142.18699645996094,142.2689971923828,138.82400512695312,140.1269989013672,20172000,137.3219451904297
2024-06-07,140.7779998779297,142.5,139.70199584960938,140.66400146484375,17859000,137.84820556640625
2024-06-10,140.97999572753906,144.90499877929688,140.91299438476562,144.0469970703125,31042000,141.1634979248047
2024-06-11,143.82000732421875,146.50100708007812,141.6230010986328,146.10299682617188,34844000,143.1782989501953
2024-06-12,150.0,150.5800018310547,147.63999938964844,149.55099487304688,56697000,146.55728149414062
2024-06-13,171.0,173.5850067138672,165.2519989013672,167.8990020751953,89061000,164.53802490234375
2024-06-14,168.68600463867188,174.7239990234375,168.2100067138672,173.50399780273438,69705000,170.03079223632812
2024-06-17,180.0,184.3000030517578,177.85800170898438,182.88699340820312,87528000,179.22598266601562
2024-06-18,183.95899963378906,185.16200256347656,178.50100708007812,180.2519989013672,86797000,176.6437530517578
2024-06-20,180.3459930419922,180.47500610351562,172.2220001220703,173.45599365234375,68157000,169.98377990722656
2024-06-21,169.5659942626953,171.39999389648438,165.14199829101562,165.86300659179688,99289000,162.5427703857422
2024-06-24,164.2050018310547,166.10000610351562,159.0659942626953,159.2209930419922,58575000,156.5291748046875
2024-06-25,160.01300048828125,160.60400390625,156.39999389648438,158.07899475097656,53329000,155.40647888183594
2024-06-26,159.76199340820312,161.8179931640625,157.35899353027344,159.1999969482422,46479000,156.508544921875
2024-06-27,159.1999969482422,160.56199645996094,157.10000610351562,158.66600036621094,31649000,155.98358154296875
2024-06-28,159.58799743652344,163.92300415039062,158.60000610351562,160.55299377441406,69377000,157.8386688232422
2024-07-01,160.82000732421875,164.875,159.35000610351562,164.0800018310547,47623000,161.30604553222656
2024-07-02,164.0800018310547,165.9199981689453,162.1999969482422,165.7480010986328,32539000,162.9458465576172
2024-07-03,167.0,172.9219970703125,166.4459991455078,172.9219970703125,39954000,169.99855041503906
2024-07-05,175.55599975585938,176.5469970703125,169.60000610351562,170.33099365234375,45240000,167.45135498046875
2024-07-08,170.5,175.69000244140625,170.5,174.58599853515625,36398000,171.63442993164062
2024-07-09,175.656005859375,177.09800720214844,170.55599975585938,173.33099365234375,37802000,170.40061950683594
2024-07-10,174.60000610351562,176.6490020751953,172.63600158691406,174.468994140625,41074000,171.51939392089844
2024-07-11,176.46600341796875,176.48699951171875,166.85000610351562,170.59500122070312,51026000,167.7108917236328
2024-07-12,171.10299682617188,172.59100341796875,169.13099670410156,170.06700134277344,30453000,167.19180297851562
2024-07-15,170.0,173.50999450683594,169.25999450683594,171.4199981689453,22999200,168.52194213867188
2024-07-16,172.39999389648438,172.80999755859375,166.39999389648438,169.3800048828125,22244900,166.51641845703125
2024-07-17,162.30999755859375,162.83999633789062,155.61000061035156,155.97999572753906,43343400,153.34295654296875
2024-07-18,158.88999938964844,161.50999450683594,153.89999389648438,160.52000427246094,37973500,157.8062286376953
2024-07-19,161.83999633789062,163.9499969482422,157.1199951171875,157.35000610351562,26309500,154.68983459472656
2024-07-22,160.22999572753906,162.99000549316406,157.89999389648438,161.05999755859375,28813300,158.3371124267578
2024-07-23,160.39999389648438,165.3300018310547,159.89999389648438,163.77000427246094,21570200,161.0012969970703
2024-07-24,160.35000610351562,161.41000366210938,151.10000610351562,151.33999633789062,37162600,148.7814178466797
2024-07-25,151.25999450683594,153.5500030517578,145.52000427246094,149.25999450683594,30872100,146.73658752441406
2024-07-26,153.5,153.5800018310547,149.9199981689453,151.6300048828125,20839900,149.0665283203125
2024-07-29,152.02000427246094,155.0,149.14999389648438,150.22000122070312,16625800,147.6803741455078
2024-07-30,153.27999877929688,153.47000122070312,143.35000610351562,143.52000427246094,31102300,141.09364318847656
2024-07-31,151.47000122070312,161.3300018310547,151.0,160.67999267578125,45827500,157.96351623535156
2024-08-01,157.5,158.91000366210938,146.1699981689453,147.02000427246094,40320000,144.53445434570312
2024-08-02,141.92999267578125,145.35000610351562,139.60000610351562,143.82000732421875,33745800,141.38856506347656
2024-08-05,129.61000061035156,145.4199981689453,128.5,142.0800018310547,41309300,139.67796325683594
2024-08-06,141.72999572753906,148.91000366210938,140.25,143.9199981689453,24751300,141.48687744140625
2024-08-07,148.25,150.10000610351562,135.8300018310547,136.27000427246094,29749800,133.9661865234375
2024-08-08,141.1999969482422,146.27000427246094,138.39999389648438,145.74000549316406,27583200,143.27609252929688
2024-08-09,144.1999969482422,149.5500030517578,144.11000061035156,148.25999450683594,18438700,145.75350952148438
2024-08-12,148.0800018310547,151.1300048828125,146.3699951171875,148.6199951171875,17778500,146.107421875
2024-08-13,151.5500030517578,156.3800048828125,149.80999755859375,156.16000366210938,22053600,153.5199432373047
2024-08-14,158.02000427246094,160.25,154.72000122070312,157.69000244140625,20184200,155.02406311035156
2024-08-15,161.1999969482422,166.6699981689453,160.33999633789062,166.1300048828125,27945000,163.32138061523438
2024-08-16,164.47000122070312,166.08999633789062,162.67999267578125,165.72000122070312,19296900,162.91831970214844
2024-08-19,164.86000061035156,167.8300018310547,160.4199981689453,167.7100067138672,20441700,164.87466430664062
2024-08-20,167.0500030517578,168.3699951171875,164.14999389648438,165.9499969482422,19417500,163.14443969726562
2024-08-21,165.1199951171875,166.47000122070312,162.8800048828125,165.77999877929688,16097700,162.97731018066406
2024-08-22,170.83999633789062,172.4199981689453,161.49000549316406,162.33999633789062,30044500,159.59544372558594
2024-08-23,165.02999877929688,168.27999877929688,163.4600067138672,166.36000061035156,18848000,163.5474853515625
2024-08-26,164.9600067138672,165.6999969482422,158.66000366210938,159.6199951171875,18521200,156.92141723632812
2024-08-27,157.60000610351562,162.02999877929688,155.8300018310547,161.38999938964844,16683100,158.66151428222656
2024-08-28,160.0800018310547,162.27999877929688,156.25,158.17999267578125,18063600,155.5057830810547
2024-08-29,158.49000549316406,163.1999969482422,155.41000366210938,156.92999267578125,23519300,154.27691650390625
2024-08-30,161.1199951171875,163.24000549316406,158.7100067138672,162.82000732421875,25158500,160.06735229492188
2024-09-03,160.3800048828125,160.74000549316406,151.3800048828125,152.7899932861328,37179100,150.2069091796875
2024-09-04,150.3000030517578,157.7899932861328,149.14999389648438,154.1199951171875,20324100,151.51441955566406
2024-09-05,150.57000732421875,156.36000061035156,150.11000061035156,152.82000732421875,31548500,150.23641967773438
2024-09-06,143.25,143.5,136.60000610351562,137.0,76634600,134.68385314941406
2024-09-09,139.11000061035156,141.58999633789062,134.89999389648438,140.82000732421875,39516700,138.4392547607422
2024-09-10,141.22000122070312,149.86000061035156,141.0399932861328,148.2100067138672,36067500,145.70433044433594
2024-09-11,148.38999938964844,158.8699951171875,145.0399932861328,158.27000427246094,39700800,155.59425354003906
2024-09-12,158.10000610351562,166.32000732421875,156.8300018310547,164.55999755859375,43530700,161.7779083251953
2024-09-13,166.74000549316406,168.0800018310547,164.0399932861328,167.69000244140625,29850000,164.85501098632812
2024-09-16,165.19000244140625,165.5,160.41000366210938,164.02000427246094,26126900,161.2470703125
2024-09-17,165.49000549316406,166.02000427246094,160.6999969482422,162.47000122070312,19844300,159.72325134277344
2024-09-18,163.77000427246094,167.47000122070312,161.36000061035156,161.6699981689453,26557600,158.936767578125
2024-09-19,167.67999267578125,170.0,165.66000366210938,167.4199981689453,32453100,165.13092041015625
2024-09-20,167.17999267578125,172.02000427246094,166.47000122070312,171.10000610351562,91758500,168.76058959960938
2024-09-23,172.0,173.32000732421875,168.35000610351562,172.94000244140625,29431100,170.57542419433594
2024-09-24,172.80999755859375,175.99000549316406,171.67999267578125,174.83999633789062,34223400,172.449462890625
2024-09-25,174.64999389648438,177.13999938964844,173.75999450683594,175.52000427246094,16613800,173.1201629638672
2024-09-26,178.5,180.25,175.0,178.08999633789062,24340000,175.655029296875
2024-09-27,178.1699981689453,178.47000122070312,171.75999450683594,172.69000244140625,20580900,170.328857421875
2024-09-30,171.8699951171875,172.9199981689453,169.6300048828125,172.5,16902000,170.14144897460938
2024-10-01,172.16000366210938,172.25,165.8000030517578,167.47000122070312,23770400,165.18023681640625
2024-10-02,167.5500030517578,172.83999633789062,167.02000427246094,170.66000366210938,14317800,168.3266143798828
2024-10-03,169.6199951171875,174.94000244140625,169.19000244140625,171.88999938964844,13072300,169.53981018066406
2024-10-04,176.3000030517578,176.89999389648438,172.60000610351562,176.63999938964844,17921400,174.224853515625
2024-10-07,174.82000732421875,178.30999755859375,173.86000061035156,175.0800018310547,15588300,172.68618774414062
2024-10-08,175.4199981689453,181.60000610351562,174.88999938964844,180.72999572753906,20774200,178.25892639160156
2024-10-09,179.24000549316406,186.4199981689453,176.4199981689453,185.9499969482422,25504100,183.40756225585938
2024-10-10,183.55999755859375,186.30999755859375,182.52999877929688,185.69000244140625,16318000,183.15110778808594
2024-10-11,181.13999938964844,182.58999633789062,177.39999389648438,181.47999572753906,23070000,178.99867248535156
2024-10-14,183.3000030517578,184.9499969482422,180.1300048828125,182.30999755859375,17195800,179.8173370361328
2024-10-15,180.7899932861328,181.6999969482422,173.3699951171875,175.97999572753906,27657500,173.57386779785156
2024-10-16,178.50999450683594,179.25,175.3300018310547,176.82000732421875,15285100,174.4023895263672
2024-10-17,181.3699951171875,185.50999450683594,180.69000244140625,181.52999877929688,25232400,179.0479736328125
2024-10-18,182.32000732421875,182.7100067138672,178.67999267578125,179.88999938964844,17835200,177.430419921875
2024-10-21,179.3800048828125,181.72000122070312,178.25,179.99000549316406,13695100,177.52903747558594
2024-10-22,178.66000366210938,180.69000244140625,177.41000366210938,179.3800048828125,12062600,176.92739868164062
2024-10-23,177.58999633789062,178.97999572753906,172.57000732421875,173.50999450683594,19513700,171.13763427734375
2024-10-24,174.25999450683594,174.3000030517578,169.5,171.35000610351562,20485200,169.00718688964844
2024-10-25,174.19000244140625,176.8000030517578,172.72000122070312,173.0,19977700,170.63462829589844
2024-10-28,173.0,173.97000122070312,171.35000610351562,172.02000427246094,13195800,169.6680145263672
2024-10-29,172.44000244140625,180.22999572753906,171.2100067138672,179.24000549316406,23702300,176.789306640625
2024-10-30,177.47000122070312,179.19000244140625,175.6199951171875,176.63999938964844,17911500,174.224853515625
2024-10-31,174.4499969482422,174.4499969482422,167.3800048828125,169.77000427246094,26086600,167.44879150390625
2024-11-01,168.25999450683594,171.3300018310547,167.5,168.9199981689453,17847000,166.61041259765625
2024-11-04,169.27999877929688,172.4499969482422,168.4199981689453,168.5500030517578,13621300,166.24545288085938
2024-11-05,170.0500030517578,174.39999389648438,170.0500030517578,173.89999389648438,13441800,171.52232360839844
2024-11-06,179.6300048828125,180.2100067138672,175.9600067138672,179.5500030517578,24300800,177.09506225585938
2024-11-07,181.99000549316406,184.8699951171875,181.7899932861328,183.80999755859375,18970600,181.29681396484375
2024-11-08,182.99000549316406,185.0500030517578,181.8300018310547,183.63999938964844,13503200,181.12913513183594
2024-11-11,183.39999389648438,183.6300048828125,176.82000732421875,178.91000366210938,17036700,176.4638214111328
2024-11-12,178.89999389648438,179.55999755859375,173.1999969482422,176.22000122070312,15862000,173.8105926513672
2024-11-13,174.7100067138672,175.58999633789062,172.60000610351562,173.5800018310547,17472500,171.20668029785156
2024-11-14,174.77000427246094,175.57000732421875,169.8699951171875,170.3800048828125,20638900,168.05044555664062
2024-11-15,168.47000122070312,169.13999938964844,163.42999267578125,164.83999633789062,20836200,162.586181640625
2024-11-18,165.66000366210938,166.35000610351562,162.22000122070312,165.6699981689453,17856900,163.4048309326172
2024-11-19,166.66000366210938,166.8000030517578,164.30999755859375,165.35000610351562,18003400,163.08921813964844
2024-11-20,165.5399932861328,165.5399932861328,160.86000061035156,163.25,17196700,161.0179443359375
2024-11-21,166.25,166.33999633789062,160.60000610351562,163.94000244140625,24835300,161.69850158691406
2024-11-22,164.3000030517578,164.91000366210938,162.39999389648438,164.22999572753906,17332500,161.98452758789062
2024-11-25,165.39999389648438,167.22999572753906,162.88999938964844,164.82000732421875,26850600,162.56646728515625
2024-11-26,164.60000610351562,166.3699951171875,162.69000244140625,164.74000549316406,16308800,162.487548828125
2024-11-27,163.1999969482422,163.1999969482422,157.5399932861328,159.6699981689453,19722700,157.48687744140625
2024-11-29,159.57000732421875,162.69000244140625,159.0800018310547,162.0800018310547,11024000,159.8639373779297
2024-12-02,162.9499969482422,168.3800048828125,162.75,166.50999450683594,21472400,164.23333740234375
2024-12-03,164.47999572753906,168.27000427246094,164.02999877929688,168.14999389648438,17024400,165.85092163085938
2024-12-04,173.44000244140625,175.38999938964844,168.55999755859375,170.55999755859375,32748200,168.22796630859375
2024-12-05,170.75,172.39999389648438,169.1999969482422,170.47000122070312,18490000,168.1392059326172
2024-12-06,170.10000610351562,180.67999267578125,169.3300018310547,179.52999877929688,27830800,177.07534790039062
2024-12-09,178.9499969482422,180.7899932861328,176.02000427246094,178.94000244140625,20886300,176.493408203125
2024-12-10,177.80999755859375,178.5,169.72999572753906,171.80999755859375,27762600,169.4608917236328
2024-12-11,180.00999450683594,184.8699951171875,176.42999267578125,183.1999969482422,41295200,180.69512939453125
2024-12-12,180.92999267578125,182.0,175.99000549316406,180.66000366210938,46967200,178.1898956298828
2024-12-13,213.89999389648438,228.6999969482422,211.11000061035156,224.8000030517578,121336600,221.72637939453125
2024-12-16,231.7899932861328,251.8800048828125,230.80999755859375,250.0,111623200,246.5818328857422
2024-12-17,240.64999389648438,242.47000122070312,233.8000030517578,240.22999572753906,70382100,236.9453887939453
2024-12-18,239.41000366210938,239.85000610351562,219.22000122070312,223.6199951171875,53960100,220.56248474121094
2024-12-19,227.91000366210938,228.0500030517578,217.5800018310547,218.32000732421875,40845200,215.33497619628906
2024-12-20,220.36000061035156,230.2899932861328,218.91000366210938,220.7899932861328,131910400,217.7711944580078
2024-12-23,226.69000244140625,233.39999389648438,225.1300048828125,232.35000610351562,40643800,229.78717041015625
2024-12-24,240.1199951171875,240.22999572753906,234.8000030517578,239.67999267578125,22827200,237.03634643554688
2024-12-26,240.0,247.27999877929688,237.60000610351562,245.36000061035156,28459000,242.6536865234375
2024-12-27,245.63999938964844,245.77999877929688,236.35000610351562,241.75,29282200,239.08349609375
2024-12-30,234.6999969482422,238.77000427246094,231.6199951171875,235.5800018310547,27316800,232.98155212402344
2024-12-31,235.8800048828125,237.4600067138672,231.30999755859375,231.83999633789062,17927700,229.28280639648438
2025-01-02,236.16000366210938,239.5,230.24000549316406,231.97999572753906,31525800,229.4212646484375
2025-01-03,233.58999633789062,236.49000549316406,229.0,232.5500030517578,24973200,229.9849853515625
2025-01-06,236.5,241.75,233.3000030517578,236.41000366210938,34028400,233.80239868164062
2025-01-07,239.5,239.5,227.60000610351562,228.63999938964844,25928600,226.11810302734375
2025-01-08,229.6999969482422,232.47000122070312,226.05999755859375,229.30999755859375,18756500,226.7807159423828
2025-01-10,227.3000030517578,227.8300018310547,221.25,224.30999755859375,23864000,221.8358612060547
2025-01-13,219.99000549316406,229.25999450683594,219.50999450683594,225.2899932861328,23772100,222.8050537109375
2025-01-14,226.57000732421875,230.25999450683594,223.10000610351562,224.6999969482422,18143100,222.22154235839844
2025-01-15,228.5500030517578,230.33999633789062,225.5800018310547,228.0,21745600,225.4851531982422
2025-01-16,235.22000122070312,238.60000610351562,229.2100067138672,229.41000366210938,23471900,226.87960815429688
2025-01-17,237.0800018310547,238.10000610351562,232.66000366210938,237.44000244140625,31196600,234.82102966308594
2025-01-21,241.5,242.75,237.39999389648438,240.30999755859375,30903200,237.65936279296875
2025-01-22,246.75,246.99000549316406,240.69000244140625,240.91000366210938,29610500,238.2527618408203
2025-01-23,238.41000366210938,240.39999389648438,236.1199951171875,240.27999877929688,17653900,237.6297149658203
2025-01-24,244.6999969482422,249.58999633789062,241.91000366210938,244.6999969482422,25387800,242.00094604492188
2025-01-27,213.39999389648438,218.42999267578125,196.22999572753906,202.1300048828125,90569400,199.90049743652344
2025-01-28,208.00999450683594,209.9499969482422,198.88999938964844,207.36000061035156,50316000,205.0728302001953
2025-01-29,208.83999633789062,211.4499969482422,202.77000427246094,206.35000610351562,32533700,204.07395935058594
2025-01-30,218.57000732421875,221.9600067138672,213.6999969482422,215.66000366210938,42449500,213.28126525878906
2025-01-31,219.66000366210938,226.8000030517578,216.3000030517578,221.27000427246094,41104700,218.82940673828125
2025-02-03,215.4600067138672,220.94000244140625,213.50999450683594,217.72999572753906,24507300,215.32843017578125
2025-02-04,219.35000610351562,223.02999877929688,215.3000030517578,222.42999267578125,23768500,219.97657775878906
2025-02-05,233.94000244140625,237.92999267578125,227.5,232.0,29196000,229.4410400390625
2025-02-06,234.5,234.8000030517578,228.55999755859375,231.36000061035156,21169500,228.80809020996094
2025-02-07,235.0,235.64999389648438,224.11000061035156,224.8699951171875,22117500,222.38967895507812
2025-02-10,227.42999267578125,235.82000732421875,227.1199951171875,235.0399932861328,23901600,232.447509765625
2025-02-11,232.47999572753906,237.88999938964844,229.97000122070312,235.0399932861328,18476200,232.447509765625
2025-02-12,230.36000061035156,236.47999572753906,230.0,236.35000610351562,16397300,233.74307250976562
2025-02-13,236.05999755859375,236.9499969482422,230.72999572753906,235.8000030517578,20962000,233.19911193847656
2025-02-14,234.52999877929688,235.74000549316406,228.89999389648438,233.0399932861328,16988800,230.46957397460938
2025-02-18,230.10000610351562,232.1999969482422,224.3000030517578,228.52999877929688,26080500,226.0093231201172
2025-02-19,227.85000610351562,229.07000732421875,224.39999389648438,228.72999572753906,16375500,226.20709228515625
2025-02-20,228.64999389648438,228.97999572753906,222.75,226.74000549316406,16104000,224.23904418945312
2025-02-21,225.64999389648438,227.75,215.6300048828125,218.66000366210938,24883600,216.24818420410156
2025-02-24,218.60000610351562,219.47999572753906,207.5399932861328,207.92999267578125,33050400,205.6365203857422
2025-02-25,207.0,208.63999938964844,200.9199981689453,202.5399932861328,33100800,200.3059539794922
2025-02-26,206.91000366210938,213.5399932861328,206.0,212.94000244140625,21368300,210.59127807617188
2025-02-27,217.27999877929688,219.25,197.39999389648438,197.8000030517578,27572900,195.61825561523438
2025-02-28,195.75999450683594,201.19000244140625,193.14999389648438,199.42999267578125,39747200,197.2302703857422
2025-03-03,204.0,204.05999755859375,184.52999877929688,187.3699951171875,37435600,185.3032989501953
2025-03-04,189.22000122070312,193.9499969482422,180.47999572753906,187.47999572753906,37910500,185.41209411621094
2025-03-05,191.86000061035156,194.0800018310547,187.10000610351562,191.5800018310547,25644500,189.46688842773438
2025-03-06,181.0399932861328,186.8300018310547,177.61000061035156,179.4499969482422,56864100,177.47067260742188
2025-03-07,187.72999572753906,195.47999572753906,181.55999755859375,194.9600067138672,74528900,192.80958557128906
2025-03-10,189.60000610351562,191.97999572753906,180.42999267578125,184.4499969482422,44217100,182.41552734375
2025-03-11,188.0500030517578,195.6199951171875,185.35000610351562,190.08999633789062,42153200,187.99330139160156
2025-03-12,196.22000122070312,199.97999572753906,192.4499969482422,194.22999572753906,30409700,192.08763122558594
2025-03-13,193.14999389648438,196.32000732421875,189.47000122070312,191.36000061035156,27236100,189.24929809570312
2025-03-14,196.1999969482422,197.5,193.1999969482422,195.5399932861328,25900900,193.3831787109375
2025-03-17,188.0500030517578,196.72000122070312,187.5,194.5,26830600,192.3546600341797
2025-03-18,190.44000244140625,192.88999938964844,186.89999389648438,188.6699981689453,24951000,186.5889892578125
2025-03-19,189.33999633789062,198.27000427246094,186.89999389648438,195.57000732421875,37962700,193.41285705566406
2025-03-20,191.52000427246094,193.83999633789062,188.94000244140625,190.5399932861328,31430000,189.00852966308594
2025-03-21,188.2100067138672,192.07000732421875,187.3699951171875,191.66000366210938,43086500,190.1195526123047
2025-03-24,194.3000030517578,196.69000244140625,190.6699981689453,191.25,33180300,189.7128448486328
2025-03-25,190.88999938964844,191.60000610351562,187.67999267578125,188.25999450683594,23417300,186.7468719482422
2025-03-26,186.66000366210938,188.05999755859375,177.5800018310547,179.27000427246094,30578500,177.82913208007812
2025-03-27,177.66000366210938,178.3800048828125,170.4600067138672,171.99000549316406,32151700,170.60765075683594
2025-03-28,171.92999267578125,173.3000030517578,166.47000122070312,169.1199951171875,30391500,167.76071166992188
2025-03-31,164.49000549316406,167.94000244140625,160.6199951171875,167.42999267578125,35656400,166.08428955078125
2025-04-01,166.3699951171875,168.7100067138672,163.4199981689453,168.52000427246094,20472400,167.16554260253906
2025-04-02,166.0800018310547,173.42999267578125,165.5,172.08999633789062,19523700,170.7068328857422
2025-04-03,160.5399932861328,163.42999267578125,153.6999969482422,154.00999450683594,44354900,152.77215576171875
2025-04-04,148.1699981689453,152.8000030517578,139.1699981689453,146.2899932861328,72302200,145.11419677734375
2025-04-07,144.49000549316406,160.42999267578125,138.10000610351562,154.13999938964844,68503500,152.90110778808594
2025-04-08,167.6199951171875,169.77999877929688,153.08999633789062,156.02999877929688,58888200,154.77593994140625
2025-04-09,160.5,187.3300018310547,157.50999450683594,185.14999389648438,72708300,183.661865234375
2025-04-10,175.3000030517578,176.9499969482422,166.39999389648438,172.3000030517578,51212200,170.9151611328125
2025-04-11,173.6199951171875,182.66000366210938,173.30999755859375,181.94000244140625,33964100,180.47767639160156
2025-04-14,185.0800018310547,186.0,175.82000732421875,178.36000061035156,25748300,176.9264373779297
2025-04-15,179.72999572753906,182.25999450683594,178.0800018310547,178.9499969482422,17242400,177.51170349121094
2025-04-16,170.42999267578125,176.0800018310547,166.9199981689453,174.61000061035156,34638600,173.2065887451172
2025-04-17,176.25,176.25,169.9199981689453,170.99000549316406,22501800,169.6156768798828
2025-04-21,166.99000549316406,168.0,161.61000061035156,166.2100067138672,23469800,164.8740997314453
2025-04-22,167.42999267578125,170.52000427246094,165.22000122070312,169.5800018310547,18504900,168.21701049804688
2025-04-23,177.77999877929688,180.4499969482422,175.82000732421875,176.91000366210938,24380500,175.4881134033203
2025-04-24,179.69000244140625,188.57000732421875,178.3000030517578,188.14999389648438,27576900,186.63775634765625
2025-04-25,186.9199981689453,193.3699951171875,186.88999938964844,192.30999755859375,21242300,190.76431274414062
2025-04-28,190.52999877929688,193.10000610351562,187.67999267578125,192.47000122070312,16385800,190.92303466796875
2025-04-29,191.72000122070312,193.25,190.10000610351562,191.1699981689453,14630000,189.6334991455078
2025-04-30,185.89999389648438,193.1999969482422,184.02000427246094,192.47000122070312,22768900,190.92303466796875
2025-05-01,198.13999938964844,201.39999389648438,196.24000549316406,197.3300018310547,24939700,195.74398803710938
2025-05-02,203.89999389648438,205.67999267578125,201.0800018310547,203.63999938964844,17766800,202.00326538085938
2025-05-05,200.25,203.22999572753906,200.0,200.72000122070312,14025400,199.1067352294922
2025-05-06,196.44000244140625,201.91000366210938,195.94000244140625,200.08999633789062,16348800,198.48178100585938
2025-05-07,199.2899932861328,206.22999572753906,198.42999267578125,204.80999755859375,20253700,203.16384887695312
2025-05-08,208.0,211.16000366210938,203.69000244140625,207.77000427246094,18460900,206.10008239746094
2025-05-09,209.3300018310547,209.9600067138672,206.52000427246094,208.1999969482422,13289200,206.526611328125
2025-05-12,219.49000549316406,221.8000030517578,215.8800048828125,221.5800018310547,25437700,219.79905700683594
2025-05-13,222.0,235.27999877929688,222.0,232.4199981689453,28790500,230.5519561767578
2025-05-14,230.22999572753906,233.5,228.35000610351562,232.1199951171875,19751400,230.2543487548828
2025-05-15,230.16000366210938,234.4600067138672,228.07000732421875,232.63999938964844,18803700,230.77017211914062
2025-05-16,232.32000732421875,232.63999938964844,226.38999938964844,228.61000061035156,23094600,226.7725830078125
2025-05-19,221.85000610351562,231.25,221.60000610351562,230.6300048828125,15355500,228.7763214111328
2025-05-20,226.49000549316406,231.77000427246094,226.33999633789062,231.67999267578125,11787200,229.81787109375
2025-05-21,228.38999938964844,236.5,227.8300018310547,229.72999572753906,17642900,227.88356018066406
2025-05-22,228.33999633789062,233.69000244140625,227.42999267578125,230.52999877929688,14340200,228.6771240234375
2025-05-23,226.94000244140625,230.64999389648438,226.17999267578125,228.72000122070312,15385600,226.88168334960938
2025-05-27,232.8699951171875,236.47999572753906,231.1300048828125,235.64999389648438,17941700,233.75596618652344
2025-05-28,237.14999389648438,240.99000549316406,234.42999267578125,239.42999267578125,20443000,237.50559997558594
2025-05-29,245.91000366210938,246.07000732421875,237.39999389648438,241.97000122070312,20743700,240.0251922607422
2025-05-30,241.22000122070312,243.1699981689453,234.89999389648438,242.07000732421875,27088600,240.12437438964844
2025-06-02,243.25,250.0,243.19000244140625,248.7100067138672,19197000,246.7110137939453
2025-06-03,250.0800018310547,257.8800048828125,249.39999389648438,256.8500061035156,30380200,254.7855987548828
2025-06-04,258.05999755859375,265.42999267578125,257.5899963378906,261.0799865722656,31536000,258.9815673828125
2025-06-05,262.95001220703125,264.8900146484375,259.05999755859375,259.92999267578125,41970900,257.8408203125
2025-06-06,251.13999938964844,255.32000732421875,246.1300048828125,246.92999267578125,41146700,244.9453125
2025-06-09,245.0500030517578,248.1699981689453,241.11000061035156,244.27999877929688,25334100,242.31661987304688
2025-06-10,244.22000122070312,246.27999877929688,241.39999389648438,244.6300048828125,25491300,242.663818359375
2025-06-11,246.36000061035156,254.77000427246094,243.8000030517578,252.91000366210938,24599000,250.87725830078125
2025-06-12,250.19000244140625,257.8900146484375,249.5,256.07000732421875,20410900,254.01185607910156
2025-06-13,250.66000366210938,254.0,248.35000610351562,248.6999969482422,19028400,246.7010955810547
2025-06-16,250.35000610351562,255.19000244140625,249.57000732421875,252.10000610351562,20363000,250.0737762451172
2025-06-17,250.9499969482422,253.9600067138672,247.9199981689453,249.3699951171875,22014300,247.36570739746094
2025-06-18,250.88999938964844,255.63999938964844,249.41000366210938,251.25999450683594,30435500,249.24049377441406
2025-06-20,253.2100067138672,253.52000427246094,244.1699981689453,249.99000549316406,42134900,248.56439208984375
2025-06-23,249.11000061035156,254.2100067138672,246.4600067138672,253.77000427246094,19747000,252.32286071777344
2025-06-24,258.7699890136719,265.8699951171875,258.7699890136719,263.7699890136719,32764900,262.2657775878906
2025-06-25,266.0,269.8699951171875,263.42999267578125,264.6499938964844,18894200,263.14080810546875
2025-06-26,265.0799865722656,271.6700134277344,264.1300048828125,270.1700134277344,23569600,268.6293640136719
2025-06-27,270.29998779296875,271.8500061035156,266.8800048828125,269.3500061035156,27477600,267.8139953613281
2025-06-30,274.7300109863281,277.7099914550781,272.1300048828125,275.6499938964844,24708400,274.07806396484375
2025-07-01,274.3999938964844,274.5,262.6600036621094,264.739990234375,28847600,263.2302551269531
2025-07-02,263.989990234375,272.0,262.7300109863281,269.8999938964844,17582100,268.3608703613281
2025-07-03,270.7300109863281,275.79998779296875,270.1199951171875,275.17999267578125,10592700,273.6107177734375
2025-07-07,275.1300048828125,277.55999755859375,272.6600036621094,274.17999267578125,16760600,272.616455078125
2025-07-08,276.3500061035156,276.3500061035156,271.1499938964844,271.79998779296875,14869400,270.25
2025-07-09,272.9599914550781,279.45001220703125,272.7200012207031,277.8999938964844,20133000,276.31524658203125
2025-07-10,279.7900085449219,281.17999267578125,272.70001220703125,275.3999938964844,17891600,273.8294677734375
2025-07-11,274.1400146484375,276.4700012207031,271.8900146484375,274.3800048828125,14274700,272.8153076171875
2025-07-14,274.1300048828125,278.3599853515625,269.5799865722656,275.6000061035156,11934200,274.02838134765625
2025-07-15,279.80999755859375,283.3599853515625,277.8500061035156,280.94000244140625,17918400,279.337890625
2025-07-16,280.1099853515625,281.510009765625,275.6700134277344,280.80999755859375,15031000,279.2086181640625
2025-07-17,281.1400146484375,288.2799987792969,279.9100036621094,286.45001220703125,17231100,284.8164978027344
2025-07-18,287.1099853515625,287.5299987792969,281.0,283.3399963378906,15012400,281.7242126464844
2025-07-21,283.9599914550781,290.5400085449219,283.6300048828125,288.2099914550781,17726800,286.56646728515625
2025-07-22,287.6499938964844,288.0,276.42999267578125,278.5899963378906,16564800,277.0013122558594
2025-07-23,276.7799987792969,284.0,273.0,283.69000244140625,20556200,282.0722351074219
2025-07-24,289.7900085449219,291.20001220703125,283.5,288.7099914550781,16413800,287.0635986328125
2025-07-25,288.07000732421875,292.5899963378906,287.2699890136719,290.17999267578125,12476200,288.5251770019531
2025-07-28,292.4599914550781,295.45001220703125,290.5899963378906,294.29998779296875,13683400,292.6217041015625
2025-07-29,297.5,302.19000244140625,294.8699951171875,297.4200134277344,19210800,295.72393798828125
2025-07-30,297.1499938964844,303.260009765625,295.79998779296875,302.6199951171875,16738900,300.894287109375
2025-07-31,302.79998779296875,306.95001220703125,290.2300109863281,293.70001220703125,25488500,292.025146484375
2025-08-01,286.5400085449219,292.6400146484375,281.6099853515625,288.6400146484375,21428100,286.9939880371094
2025-08-04,292.20001220703125,298.4800109863281,291.3999938964844,297.7200012207031,17164600,296.022216796875
2025-08-05,297.80999755859375,301.20001220703125,291.45001220703125,292.92999267578125,18477500,291.2595520019531
2025-08-06,292.8999938964844,302.80999755859375,291.8999938964844,301.6700134277344,17392100,299.94970703125
2025-08-07,306.1700134277344,310.3399963378906,299.8800048828125,303.760009765625,16319400,302.0278015136719
2025-08-08,304.04998779296875,307.8699951171875,302.54998779296875,304.9700012207031,12458700,303.2308654785156
2025-08-11,305.04998779296875,308.30999755859375,301.2900085449219,303.8999938964844,12396400,302.1669616699219
2025-08-12,306.6300048828125,313.44000244140625,304.6700134277344,312.8299865722656,17609600,311.0460510253906
2025-08-13,316.75,317.3500061035156,304.75,309.0899963378906,17371200,307.3273620605469
2025-08-14,307.010009765625,314.1700134277344,307.0,311.2300109863281,15717600,309.4552001953125
2025-08-15,311.0299987792969,311.5,299.760009765625,306.3399963378906,22806900,304.59307861328125
2025-08-18,302.70001220703125,306.1700134277344,299.0,305.760009765625,14724700,304.0163879394531
2025-08-19,302.4200134277344,302.8999938964844,292.3900146484375,294.9100036621094,20149600,293.2282409667969
2025-08-20,295.4599914550781,295.489990234375,281.8699951171875,291.1700134277344,23600500,289.50958251953125
2025-08-21,290.05999755859375,292.3900146484375,286.1700134277344,289.6000061035156,14946300,287.9485168457031
2025-08-22,291.75,300.0899963378906,289.010009765625,294.0,16301300,292.32342529296875
2025-08-25,292.80999755859375,298.3999938964844,291.7099914550781,294.2300109863281,15124700,292.5521545410156
2025-08-26,294.3500061035156,300.25,293.989990234375,298.010009765625,25689100,296.310546875
2025-08-27,297.5299987792969,301.17999267578125,293.7799987792969,300.25,13830300,298.53778076171875
2025-08-28,302.92999267578125,311.0,302.3299865722656,308.6499938964844,18907100,306.889892578125
2025-08-29,307.010009765625,307.010009765625,293.6600036621094,297.3900146484375,21610700,295.6941223144531
2025-09-02,289.3399963378906,298.7099914550781,287.1700134277344,298.239990234375,19693000,296.5392761230469
2025-09-03,302.2900085449219,304.45001220703125,296.3999938964844,302.3900146484375,18529400,300.66558837890625
2025-09-04,305.05999755859375,308.7799987792969,302.25,306.1000061035156,31220800,304.35443115234375
2025-09-05,355.7799987792969,356.3399963378906,331.4200134277344,334.8900146484375,78401600,332.98028564453125
2025-09-08,342.75,354.1700134277344,341.25,345.6499938964844,43535600,343.67889404296875
2025-09-09,349.54998779296875,350.9800109863281,335.8299865722656,336.6700134277344,26972300,334.7501220703125
2025-09-10,351.5199890136719,372.9700012207031,350.54998779296875,369.57000732421875,51086800,367.4624938964844
2025-09-11,371.17999267578125,374.2300109863281,358.760009765625,359.6300048828125,29430900,357.5791931152344
2025-09-12,362.9100036621094,364.3900146484375,357.1600036621094,359.8699951171875,31949800,357.81781005859375
2025-09-15,359.8699951171875,365.5,356.3399963378906,364.0899963378906,21792200,362.0137634277344
2025-09-16,365.42999267578125,365.69000244140625,356.989990234375,360.0,21306500,357.947021484375
2025-09-17,358.8500061035156,359.92999267578125,341.5,346.1700134277344,45197100,344.1959533691406
2025-09-18,350.0,350.70001220703125,343.7900085449219,345.3500061035156,24663900,343.380615234375
2025-09-19,344.6499938964844,346.2699890136719,336.42999267578125,344.94000244140625,41240100,342.9729309082031
2025-09-22,342.42999267578125,346.6700134277344,337.94000244140625,338.7900085449219,28660000,337.4351806640625
2025-09-23,340.239990234375,345.2200012207031,337.0199890136719,338.94000244140625,21944100,337.5845642089844
2025-09-24,339.760009765625,340.0799865722656,333.80999755859375,339.30999755859375,19677300,337.95306396484375
2025-09-25,332.989990234375,338.05999755859375,327.29998779296875,336.1000061035156,21678200,334.7559509277344
2025-09-26,337.42999267578125,339.0799865722656,330.5799865722656,334.5299987792969,15464700,333.19219970703125
2025-09-29,336.0,341.04998779296875,327.54998779296875,327.8999938964844,21336000,326.5887145996094
2025-09-30,330.1199951171875,331.04998779296875,324.6099853515625,329.9100036621094,20109500,328.5906677246094
2025-10-01,328.1499938964844,337.95001220703125,324.5,333.3900146484375,21122700,332.0567932128906
2025-10-02,347.6099853515625,347.6099853515625,335.25,338.17999267578125,19917600,336.8276062011719
2025-10-03,341.5,344.3999938964844,335.739990234375,338.3699951171875,14749100,337.016845703125
2025-10-06,335.9200134277344,344.1300048828125,334.55999755859375,335.489990234375,18465700,334.1483459472656
2025-10-07,337.0299987792969,338.1099853515625,326.5799865722656,336.4100036621094,18086700,335.0646667480469
2025-10-08,333.82000732421875,346.5400085449219,332.6199951171875,345.5,21478300,344.11834716796875
2025-10-09,345.75,347.30999755859375,340.3999938964844,345.0199890136719,17643700,343.6402282714844
2025-10-10,345.3900146484375,350.6000061035156,324.04998779296875,324.6300048828125,28941000,323.331787109375
2025-10-13,352.7699890136719,359.3800048828125,343.5199890136719,356.70001220703125,45984300,355.2735595703125
2025-10-14,350.1300048828125,350.6700134277344,339.6499938964844,344.1300048828125,22078000,342.7538146972656
2025-10-15,354.4700012207031,359.3999938964844,347.5,351.3299865722656,23918500,349.92498779296875
2025-10-16,356.79998779296875,363.239990234375,349.489990234375,354.1499938964844,20317200,352.7337341308594
2025-10-17,349.6099853515625,350.9700012207031,340.7799987792969,349.3299865722656,20937900,347.9329833984375
2025-10-20,353.79998779296875,356.5899963378906,347.8399963378906,349.239990234375,15640200,347.8433532714844
2025-10-21,350.0,351.1000061035156,341.30999755859375,342.6600036621094,16092600,341.2897033691406
2025-10-22,347.29998779296875,348.010009765625,335.510009765625,340.29998779296875,19268800,338.9391174316406
2025-10-23,340.3999938964844,346.57000732421875,340.3999938964844,344.2900085449219,12859200,342.9131774902344
2025-10-24,352.510009765625,358.29998779296875,350.8800048828125,354.1300048828125,16143700,352.7138366699219
2025-10-27,361.5400085449219,362.75,355.0799865722656,362.04998779296875,20065800,360.6021423339844
2025-10-28,362.6199951171875,374.05999755859375,362.5299987792969,372.9700012207031,21056000,371.4784851074219
2025-10-29,373.19000244140625,386.4800109863281,373.19000244140625,385.9800109863281,24975200,384.43646240234375
2025-10-30,386.3999938964844,386.3999938964844,370.05999755859375,376.4700012207031,24295300,374.9645080566406
2025-10-31,378.2699890136719,378.82000732421875,365.1000061035156,369.6300048828125,21598400,368.15185546875
2025-11-03,372.0,374.8500061035156,361.9800109863281,362.54998779296875,17198900,361.1001281738281
2025-11-04,358.5199890136719,368.95001220703125,351.0,351.94000244140625,24047500,350.5325622558594
2025-11-05,350.8900146484375,364.8699951171875,350.0899963378906,358.9800109863281,17087600,357.54443359375
2025-11-06,360.1099853515625,363.5,352.7099914550781,355.5899963378906,19896900,354.16796875
2025-11-07,354.19000244140625,354.5,337.2699890136719,349.42999267578125,21903200,348.0325927734375
2025-11-10,357.8999938964844,360.0,354.6099853515625,358.3900146484375,16409000,356.9568176269531
2025-11-11,358.9700012207031,361.8900146484375,349.6700134277344,351.9599914550781,16446800,350.552490234375
2025-11-12,358.0400085449219,358.8699951171875,351.67999267578125,355.2200012207031,12190500,353.7994689941406
2025-11-13,351.5799865722656,353.54998779296875,334.1600036621094,339.9800109863281,22616600,338.6203918457031
2025-11-14,331.4700012207031,344.739990234375,329.05999755859375,342.4599914550781,18500800,341.0904541015625
2025-11-17,339.82000732421875,352.20001220703125,337.5199890136719,342.6499938964844,14799600,341.2796936035156
2025-11-18,343.20001220703125,347.9700012207031,335.510009765625,340.5,21726800,339.1383361816406
2025-11-19,340.7099914550781,359.69000244140625,337.79998779296875,354.4200134277344,21851900,353.0026550292969
2025-11-20,366.0,376.0799865722656,345.17999267578125,346.82000732421875,28867000,345.43304443359375
2025-11-21,345.1600036621094,348.6000061035156,331.79998779296875,340.20001220703125,30280300,338.8395080566406
2025-11-24,347.7300109863281,382.0,347.6600036621094,377.9599914550781,47262400,376.448486328125
2025-11-25,384.92999267578125,388.1300048828125,371.75,385.0299987792969,33507600,383.490234375
2025-11-26,385.54998779296875,399.8699951171875,383.260009765625,397.57000732421875,28693000,395.9801025390625
2025-11-28,399.3500061035156,403.0,397.1600036621094,402.9599914550781,13365500,401.3485107421875
2025-12-01,394.8500061035156,395.4200134277344,385.1000061035156,386.0799865722656,23252000,384.5360107421875
2025-12-02,388.30999755859375,393.5,379.7900085449219,381.57000732421875,22207000,380.0440979003906
2025-12-03,380.0,382.29998779296875,370.6499938964844,380.6099853515625,21336400,379.0879211425781
2025-12-04,380.67999267578125,383.8900146484375,376.5299987792969,381.0299987792969,15845900,379.5062561035156
2025-12-05,386.1700134277344,393.5299987792969,385.1499938964844,390.239990234375,24779900,388.6794128417969
2025-12-08,402.4800109863281,407.2900085449219,397.3999938964844,401.1000061035156,30410600,399.4959716796875
2025-12-09,398.75,406.92999267578125,395.510009765625,406.2900085449219,24546000,404.66522216796875
2025-12-10,402.20001220703125,414.6099853515625,399.55999755859375,412.9700012207031,31531000,411.3185119628906
2025-12-11,404.8299865722656,409.29998779296875,394.19000244140625,406.3699951171875,45681600,404.7449035644531
2025-12-12,379.9599914550781,382.0,355.1499938964844,359.92999267578125,95588500,358.4906005859375
2025-12-15,361.8900146484375,362.0,337.510009765625,339.80999755859375,65894900,338.4510803222656
2025-12-16,336.0199890136719,347.5,335.05999755859375,341.29998779296875,58061100,339.93511962890625
2025-12-17,346.6099853515625,346.6099853515625,321.4200134277344,326.0199890136719,73300900,324.7162170410156
2025-12-18,336.0,336.0299987792969,323.6300048828125,329.8800048828125,54501900,328.560791015625
2025-12-19,333.3399963378906,343.45001220703125,332.5799865722656,340.3599853515625,159095200,338.99884033203125
2025-12-22,346.0299987792969,346.239990234375,337.2200012207031,341.45001220703125,28739600,340.7352600097656
2025-12-23,340.80999755859375,350.1099853515625,338.5400085449219,349.32000732421875,28232600,348.5887756347656
2025-12-24,350.69000244140625,352.8599853515625,347.1400146484375,350.2200012207031,11424400,349.48687744140625
2025-12-26,351.05999755859375,353.25,347.75,352.1300048828125,15028100,351.39288330078125
2025-12-29,348.7200012207031,350.3299865722656,344.69000244140625,349.3900146484375,21946900,348.65863037109375
2025-12-30,349.9700012207031,352.67999267578125,349.29998779296875,349.8500061035156,16633600,349.1176452636719
2025-12-31,349.7300109863281,349.8800048828125,345.4200134277344,346.1000061035156,15346100,345.3755187988281
2026-01-02,352.7799987792969,360.6600036621094,345.55999755859375,347.6199951171875,25398600,346.8923034667969
2026-01-05,354.739990234375,355.0299987792969,336.5,343.4200134277344,31136000,342.7011413574219
2026-01-06,343.6000061035156,349.04998779296875,338.0,343.7699890136719,27135500,343.0503845214844
2026-01-07,341.70001220703125,349.70001220703125,335.8800048828125,343.5,20249300,342.78094482421875
2026-01-08,342.7799987792969,343.67999267578125,330.5,332.4800109863281,24385200,331.7840270996094
2026-01-09,337.9200134277344,347.3900146484375,333.5,344.9700012207031,22482500,344.24786376953125
2026-01-12,340.95001220703125,353.8999938964844,340.95001220703125,352.2099914550781,20949600,351.47271728515625
2026-01-13,352.8800048828125,359.489990234375,350.9100036621094,354.6099853515625,18308000,353.86767578125
2026-01-14,348.9700012207031,350.69000244140625,334.4200134277344,339.8900146484375,30094700,339.17852783203125
2026-01-15,349.1199951171875,349.67999267578125,341.6700134277344,343.0199890136719,22218800,342.30194091796875
2026-01-16,346.2699890136719,354.510009765625,344.04998779296875,351.7099914550781,31291200,350.9737548828125
2026-01-20,344.1000061035156,345.3999938964844,331.79998779296875,332.6000061035156,32293900,331.9037780761719
2026-01-21,335.510009765625,335.79998779296875,324.20001220703125,328.79998779296875,32006600,328.1116943359375
2026-01-22,335.3500061035156,336.989990234375,324.8900146484375,325.489990234375,24275400,324.8086242675781
2026-01-23,319.29998779296875,321.989990234375,314.1099853515625,320.04998779296875,30259500,319.3800354003906
2026-01-26,319.79998779296875,328.67999267578125,317.6000061035156,324.8500061035156,25006400,324.16998291015625
2026-01-27,329.760009765625,334.760009765625,327.0199890136719,332.7900085449219,25537600,332.0933837890625
2026-01-28,338.8500061035156,339.989990234375,326.70001220703125,333.239990234375,23001700,332.54241943359375
2026-01-29,332.55999755859375,335.95001220703125,320.2799987792969,330.7300109863281,20447500,330.0376892089844
2026-01-30,332.44000244140625,338.20001220703125,328.3299865722656,331.29998779296875,28313000,330.6064758300781
2026-02-02,326.1099853515625,336.05999755859375,325.75,331.1099853515625,17278200,330.4168701171875
2026-02-03,336.739990234375,338.8999938964844,308.6499938964844,320.3299865722656,36914800,319.659423828125
2026-02-04,319.510009765625,319.510009765625,295.29998779296875,308.04998779296875,43330300,307.4051513671875
2026-02-05,314.3399963378906,326.5299987792969,306.70001220703125,310.510009765625,42775800,309.8600158691406
2026-02-06,320.1000061035156,335.0,316.29998779296875,332.9200134277344,33003400,332.2231140136719
2026-02-09,330.7699890136719,352.3399963378906,330.6499938964844,343.94000244140625,30091000,343.22003173828125
2026-02-10,347.4700012207031,348.010009765625,339.8399963378906,340.44000244140625,19542700,339.72735595703125
2026-02-11,346.79998779296875,347.20001220703125,333.739990234375,342.760009765625,17004700,342.0425109863281
2026-02-12,343.8299865722656,346.2900085449219,329.55999755859375,331.1700134277344,22007300,330.4767761230469
2026-02-13,329.8500061035156,334.32000732421875,324.69000244140625,325.1700134277344,18397200,324.48931884765625
2026-02-17,319.67999267578125,335.75,316.30999755859375,332.5400085449219,23469700,331.8439025878906
2026-02-18,329.5199890136719,337.8800048828125,327.2300109863281,333.510009765625,13565300,332.8118591308594
2026-02-19,333.010009765625,338.44000244140625,329.67999267578125,333.989990234375,15180900,333.29083251953125
2026-02-20,332.3599853515625,340.1099853515625,329.5799865722656,332.6499938964844,17658900,331.9536437988281
2026-02-23,332.25,338.5,325.32000732421875,330.3399963378906,16472400,329.64849853515625
2026-02-24,322.5400085449219,328.30999755859375,314.45001220703125,325.489990234375,23614400,324.8086242675781
2026-02-25,330.739990234375,335.9100036621094,329.2799987792969,332.30999755859375,20182300,331.6143798828125
2026-02-26,326.5,326.5799865722656,307.92999267578125,321.70001220703125,33025300,321.0265808105469
2026-02-27,310.70001220703125,320.0,310.0,319.54998779296875,28004200,318.8810729980469
2026-03-02,309.3599853515625,320.0400085449219,307.20001220703125,318.82000732421875,20567200,318.1526184082031
2026-03-03,313.0,315.8800048828125,307.3999938964844,313.8399963378906,20826200,313.18304443359375
2026-03-04,315.67999267578125,322.6400146484375,311.739990234375,317.5299987792969,34895800,316.86529541015625
2026-03-05,330.17999267578125,336.1199951171875,323.0299987792969,332.7699890136719,57076600,332.0733947753906
2026-03-06,328.2799987792969,343.510009765625,327.3999938964844,330.4800109863281,39152200,329.7882080078125
2026-03-09,327.25,348.489990234375,323.6099853515625,345.75,40605800,345.0262451171875
2026-03-10,348.7300109863281,353.1400146484375,340.79998779296875,342.5799865722656,29531700,341.86285400390625
2026-03-11,342.5899963378906,345.80999755859375,338.2200012207031,341.57000732421875,20104100,340.85498046875
2026-03-12,337.739990234375,339.8299865722656,332.20001220703125,335.9700012207031,21982700,335.2667236328125
2026-03-13,337.67999267578125,338.32000732421875,321.42999267578125,322.1600036621094,34725000,321.4856262207031
2026-03-16,326.0199890136719,329.20001220703125,320.05999755859375,324.9200134277344,31363100,324.2398681640625
2026-03-17,325.760009765625,327.44000244140625,317.25,321.30999755859375,38026500,320.63739013671875
2026-03-18,320.42999267578125,325.44000244140625,315.54998779296875,315.92999267578125,25460600,315.2686462402344
2026-03-19,312.4700012207031,323.2699890136719,308.510009765625,319.8399963378906,23524800,319.17047119140625
2026-03-20,320.1199951171875,321.510009765625,309.9200134277344,310.510009765625,43325900,309.8600158691406
2026-03-23,318.0,326.4800109863281,314.92999267578125,322.510009765625,27369200,322.510009765625
2026-03-24,320.0,324.3999938964844,314.8399963378906,318.2900085449219,19799000,318.2900085449219
2026-03-25,322.5899963378906,324.29998779296875,316.7200012207031,318.80999755859375,19900000,318.80999755859375
2026-03-26,314.0199890136719,316.9200134277344,309.1700134277344,309.4200134277344,20343700,309.4200134277344
2026-03-27,307.05999755859375,307.5,298.8699951171875,300.67999267578125,23593900,300.67999267578125
2026-03-30,300.8699951171875,304.7699890136719,289.9599914550781,293.4100036621094,28054500,293.4100036621094
2026-03-31,299.3900146484375,310.30999755859375,296.3399963378906,309.510009765625,29289500,309.510009765625
2026-04-01,313.3699951171875,315.7900085449219,310.4800109863281,313.489990234375,19171000,313.489990234375
2026-04-02,304.489990234375,314.69000244140625,301.75,314.54998779296875,14021100,314.54998779296875
2026-04-06,315.05999755859375,316.3999938964844,310.2799987792969,314.42999267578125,12111300,314.42999267578125
2026-04-07,326.7300109863281,334.1499938964844,321.79998779296875,333.9700012207031,33310900,333.9700012207031
2026-04-08,351.75,354.1400146484375,342.5299987792969,350.6300048828125,31573100,350.6300048828125
2026-04-09,352.29998779296875,358.70001220703125,351.5,354.9100036621094,20514900,354.9100036621094
2026-04-10,360.94000244140625,376.54998779296875,360.82000732421875,371.54998779296875,29958100,371.54998779296875
2026-04-13,369.6600036621094,380.8599853515625,369.4800109863281,379.75,24115800,379.75
2026-04-14,377.8999938964844,382.2799987792969,376.32000732421875,380.7799987792969,24423000,380.7799987792969
2026-04-15,389.8800048828125,397.0799865722656,385.57000732421875,396.7200012207031,29559300,396.7200012207031
2026-04-16,395.0,399.67999267578125,392.3500061035156,398.4700012207031,18872900,398.4700012207031
2026-04-17,400.8999938964844,406.7300109863281,399.80999755859375,406.5400085449219,20581700,406.5400085449219
2026-04-20,405.70001220703125,406.4200134277344,395.8999938964844,399.6300048828125,16922000,399.6300048828125
2026-04-21,399.4100036621094,403.6000061035156,394.57000732421875,402.1700134277344,16275500,402.1700134277344
2026-04-22,406.9800109863281,423.20001220703125,404.8599853515625,422.6499938964844,23702500,422.6499938964844
2026-04-23,422.3900146484375,429.30999755859375,417.79998779296875,419.94000244140625,19501600,419.94000244140625
2026-04-24,424.9800109863281,425.0,408.8599853515625,422.760009765625,22491100,422.760009765625
2026-04-27,420.4800109863281,422.75,414.6300048828125,418.20001220703125,17451600,418.20001220703125
2026-04-28,400.30999755859375,405.80999755859375,394.6499938964844,399.8299865722656,25519200,399.8299865722656
2026-04-29,403.5,405.6400146484375,396.7799987792969,405.45001220703125,15962500,405.45001220703125
2026-04-30,415.5199890136719,418.3800048828125,404.2300109863281,417.42999267578125,21821600,417.42999267578125
2026-05-01,415.0899963378906,423.1700134277344,413.2799987792969,421.2799987792969,11882600,421.2799987792969
2026-05-04,418.2200012207031,423.8299865722656,409.5299987792969,416.5,15140400,416.5
2026-05-05,421.6600036621094,433.3900146484375,419.3500061035156,427.3599853515625,21175200,427.3599853515625
2026-05-06,435.55999755859375,437.67999267578125,417.7799987792969,425.44000244140625,20707000,425.44000244140625
2026-05-07,421.82000732421875,426.489990234375,406.29998779296875,412.55999755859375,22791700,412.55999755859375
2026-05-08,419.79998779296875,435.0,414.0,430.0,22561400,430.0
2026-05-11,427.6199951171875,433.6499938964844,425.04998779296875,428.42999267578125,16825500,428.42999267578125
2026-05-12,423.42999267578125,429.3399963378906,408.4100036621094,419.29998779296875,19004300,419.29998779296875
2026-05-13,415.80999755859375,418.6300048828125,404.79998779296875,416.7900085449219,16981200,416.7900085449219
2026-05-14,416.7300109863281,442.3599853515625,415.5899963378906,439.7900085449219,19733800,439.7900085449219
2026-05-15,432.80999755859375,432.80999755859375,419.79998779296875,425.19000244140625,18898000,425.19000244140625
2026-05-18,421.4100036621094,422.010009765625,414.3699951171875,420.7099914550781,17863300,420.7099914550781
2026-05-19,409.82000732421875,417.95001220703125,405.8599853515625,411.07000732421875,20620900,411.07000732421875
